radius_mean,texture_mean,perimeter_mean,area_mean,smoothness_mean,compactness_mean,concavity_mean,concave_points_mean,symmetry_mean,fractal_dimension_mean,diagnosis
13.21,23.57,76.65,529.4,0.0979,0.1057,0.0504,0.0164,0.2271,0.0591,1
14.48,16.62,93.23,704.4,0.0897,0.1771,0.2958,0.0979,0.2082,0.0602,1
8.92,21.7,52.41,242.2,0.0662,0.1285,0.0136,0.0319,0.1614,0.0604,0
14.9,28.35,96.82,749.0,0.0983,0.0684,0.0045,0.0418,0.1395,0.0669,0
11.44,22.47,78.59,395.1,0.1266,0.0725,0.1136,0.0,0.1726,0.0638,0
17.85,14.87,106.69,968.9,0.088,0.1567,0.159,0.0482,0.1826,0.0635,1
11.04,19.19,64.4,387.5,0.0906,0.0483,0.1886,0.0327,0.1251,0.0554,0
11.61,22.41,66.01,389.8,0.0967,0.1046,0.01,0.0353,0.1818,0.0636,0
10.84,21.45,66.46,400.3,0.0871,0.019,0.0616,0.0254,0.1587,0.0672,1
12.65,14.69,74.95,534.9,0.1269,0.0979,0.2354,0.0259,0.1778,0.0596,1
9.06,21.19,56.83,266.7,0.1097,0.0466,0.0589,0.0388,0.1726,0.063,0
15.93,18.39,100.58,875.1,0.1057,0.0702,0.1583,0.0468,0.1754,0.0684,1
12.25,17.34,74.65,425.8,0.1256,0.1138,0.0,0.0,0.2013,0.0564,0
16.94,21.68,111.76,885.5,0.1199,0.1355,0.0,0.0,0.154,0.0565,1
14.31,26.88,97.19,689.4,0.0971,0.0668,0.1643,0.028,0.1316,0.0612,1
20.09,16.09,118.95,1251.0,0.0921,0.1624,0.0763,0.083,0.2034,0.0675,1
13.2,21.25,88.52,493.2,0.092,0.0424,0.1477,0.0,0.1985,0.049,0
12.85,18.95,74.78,483.2,0.0884,0.1447,0.0384,0.0701,0.1955,0.0606,0
16.16,21.92,96.03,809.6,0.0929,0.0823,0.0,0.111,0.1571,0.0571,1
6.9,19.76,43.89,154.6,0.0888,0.1537,0.0953,0.0379,0.1975,0.0645,0
12.42,16.82,75.02,451.9,0.0802,0.0822,0.0,0.031,0.1464,0.0613,0
13.8,16.65,78.76,592.1,0.0621,0.0678,0.0979,0.0684,0.1729,0.07,1
16.64,21.28,100.26,785.1,0.1106,0.1357,0.0117,0.0521,0.222,0.0665,1
17.36,19.86,117.91,942.5,0.0587,0.1269,0.1395,0.0243,0.1971,0.0604,1
18.02,21.97,105.85,1100.9,0.101,0.0758,0.0667,0.0584,0.179,0.0549,1
13.07,12.44,86.45,547.0,0.1096,0.1322,0.0641,0.0219,0.1771,0.0644,0
11.52,24.0,75.6,412.0,0.1022,0.0971,0.115,0.1003,0.1513,0.0599,1
14.31,25.39,82.83,599.9,0.0939,0.1117,0.1614,0.0398,0.2247,0.0606,0
13.17,19.95,79.93,512.5,0.099,0.1215,0.1024,0.0641,0.2083,0.0539,0
8.24,22.14,48.56,195.2,0.0899,0.0309,0.2288,0.1113,0.2025,0.0631,1
14.67,23.5,83.38,708.9,0.0947,0.1041,0.2255,0.0411,0.1785,0.0584,1
10.9,18.52,64.01,341.7,0.0916,0.0279,0.0326,0.0195,0.1712,0.0592,0
13.3,20.3,78.58,542.8,0.0864,0.0495,0.0,0.0262,0.1605,0.049,0
13.09,21.39,76.75,565.2,0.1127,0.0983,0.0,0.0479,0.2196,0.0622,1
21.6,17.05,124.62,1528.1,0.1082,0.1548,0.2304,0.0426,0.132,0.0553,1
17.25,19.89,108.96,949.3,0.0939,0.0919,0.0,0.0412,0.1963,0.0656,1
16.34,10.62,99.03,850.8,0.0967,0.0856,0.0573,0.0613,0.1384,0.0625,0
17.5,16.61,118.93,883.3,0.0855,0.0805,0.0889,0.0526,0.1755,0.0517,1
12.89,25.6,75.92,488.0,0.101,0.1244,0.2279,0.0304,0.1803,0.0613,1
9.75,20.96,62.52,300.7,0.0945,0.0458,0.0,0.0484,0.1464,0.0635,0
6.9,15.88,46.83,145.0,0.0914,0.0309,0.1739,0.0218,0.1579,0.0766,0
15.99,13.99,91.37,726.0,0.0996,0.1743,0.0891,0.0296,0.2007,0.0662,1
16.04,30.15,101.11,856.5,0.0972,0.1255,0.0779,0.0,0.2209,0.053,1
11.44,16.28,71.17,423.8,0.0842,0.0675,0.0859,0.0163,0.1894,0.0756,0
11.87,17.16,80.98,427.2,0.1086,0.0706,0.0324,0.079,0.1624,0.0601,1
11.3,21.88,73.33,368.9,0.1098,0.0751,0.0552,0.0719,0.1549,0.06,0
11.3,15.73,68.86,408.5,0.0865,0.0361,0.0308,0.0758,0.161,0.0756,1
12.33,20.92,80.75,463.1,0.1407,0.0877,0.0,0.0642,0.1804,0.0576,0
15.28,19.42,97.59,697.6,0.0828,0.1052,0.0,0.0296,0.188,0.0609,1
17.82,14.26,108.54,1041.8,0.1046,0.1745,0.1814,0.0,0.2142,0.0506,1
14.02,19.52,93.12,596.3,0.1039,0.1095,0.0603,0.0359,0.179,0.0617,0
18.53,20.7,120.34,1000.2,0.1061,0.1426,0.141,0.0,0.1631,0.0609,1
22.4,14.75,126.82,1570.5,0.1199,0.0888,0.074,0.0914,0.1506,0.0592,1
15.5,21.54,104.5,804.4,0.0922,0.0801,0.0726,0.0558,0.1754,0.0631,1
13.88,22.3,85.42,647.6,0.0966,0.1037,0.082,0.0805,0.1365,0.0563,1
6.9,14.9,44.62,160.0,0.1019,0.1485,0.1457,0.0285,0.1647,0.0723,0
16.21,21.39,99.75,812.4,0.0724,0.0729,0.0338,0.0,0.147,0.0621,0
14.32,20.29,96.84,681.7,0.0979,0.1156,0.0758,0.055,0.174,0.0566,1
14.41,17.82,93.27,698.0,0.1016,0.1141,0.1594,0.0545,0.1933,0.0523,1
13.32,18.19,85.02,552.9,0.0861,0.1027,0.1736,0.0428,0.1913,0.0623,1
12.58,21.0,86.63,479.2,0.1266,0.1489,0.2053,0.0588,0.1995,0.0684,1
10.6,16.76,63.68,367.2,0.0997,0.1062,0.012,0.0299,0.156,0.0645,0
16.93,21.79,97.13,973.3,0.0857,0.0967,0.0375,0.0556,0.2193,0.0759,1
6.9,15.85,43.49,163.7,0.088,0.1012,0.0723,0.0658,0.199,0.0761,1
15.65,16.17,96.84,737.2,0.0849,0.019,0.0,0.1117,0.198,0.053,1
8.79,13.77,54.72,264.9,0.0854,0.0957,0.1569,0.0771,0.2114,0.0516,1
18.58,11.9,119.55,1084.4,0.1007,0.0486,0.1108,0.0009,0.1858,0.0566,1
12.94,19.95,83.18,505.6,0.102,0.0932,0.0758,0.0332,0.1779,0.0669,1
16.06,10.89,98.73,889.4,0.1023,0.1028,0.1693,0.0155,0.2174,0.0647,0
14.77,20.71,99.54,737.1,0.1055,0.1278,0.0283,0.1001,0.1584,0.0691,1
18.28,18.94,118.34,1090.2,0.1019,0.2087,0.1772,0.0294,0.1753,0.0548,1
20.56,27.41,139.26,1432.9,0.1265,0.1739,0.2256,0.038,0.2122,0.0496,1
18.16,21.91,123.53,1073.7,0.1087,0.1034,0.1123,0.0437,0.1754,0.0579,1
16.27,21.49,95.43,821.7,0.0815,0.133,0.0874,0.0633,0.1651,0.0661,1
13.11,16.41,85.35,588.3,0.0965,0.0832,0.1013,0.0028,0.1555,0.0631,0
15.8,16.87,95.65,856.9,0.0802,0.114,0.0,0.0476,0.1874,0.0707,0
17.7,17.49,118.7,947.7,0.0963,0.1151,0.0725,0.0837,0.1694,0.057,1
12.75,19.15,83.84,495.8,0.0763,0.053,0.2506,0.0355,0.1942,0.069,1
14.34,16.79,84.67,630.9,0.0927,0.08,0.2559,0.1175,0.2253,0.0578,1
11.43,21.75,78.12,436.9,0.0945,0.019,0.0952,0.0144,0.21,0.0674,0
17.13,17.63,111.58,975.5,0.0772,0.0949,0.045,0.0288,0.1183,0.0673,1
15.85,24.1,108.52,865.5,0.0962,0.1021,0.1693,0.0774,0.2004,0.073,1
9.65,15.77,57.02,290.5,0.0908,0.1002,0.0852,0.0492,0.2023,0.0526,1
15.28,22.51,103.11,768.2,0.0807,0.0519,0.1628,0.0393,0.1729,0.0717,1
13.42,27.6,87.15,606.2,0.1089,0.0998,0.0293,0.0055,0.2146,0.0651,0
14.55,26.9,92.38,628.0,0.0911,0.1124,0.1121,0.0258,0.189,0.0624,1
11.65,15.6,77.89,436.7,0.1118,0.128,0.0595,0.1176,0.1285,0.0611,0
18.71,24.26,120.68,1110.3,0.0989,0.118,0.0876,0.0601,0.1848,0.0615,1
11.81,9.75,76.72,459.5,0.0905,0.0877,0.0429,0.0699,0.1737,0.0623,0
21.54,12.61,128.67,1514.6,0.0825,0.0966,0.077,0.0243,0.164,0.0507,1
14.62,21.88,97.69,713.5,0.0796,0.1173,0.1119,0.0554,0.1908,0.0637,1
13.07,21.18,84.59,516.4,0.0986,0.0819,0.143,0.0375,0.1986,0.0631,1
15.67,21.89,105.24,727.7,0.1011,0.0596,0.0753,0.0006,0.1991,0.0574,1
15.18,17.21,92.55,768.1,0.0842,0.0843,0.2026,0.0201,0.1999,0.0622,1
21.03,14.5,127.69,1350.7,0.0791,0.1241,0.0,0.0282,0.1498,0.0697,0
15.73,11.53,89.42,744.3,0.1058,0.1415,0.0,0.1276,0.1523,0.0577,1
7.61,15.6,50.38,176.0,0.1064,0.1525,0.0411,0.1191,0.1883,0.054,1
11.88,22.1,72.11,404.9,0.0844,0.0599,0.0888,0.0,0.2101,0.0569,1
16.94,23.0,102.76,950.8,0.0934,0.2041,0.2163,0.0166,0.1905,0.049,1
13.49,20.58,87.96,596.3,0.1032,0.0672,0.0733,0.0411,0.1241,0.0745,1
12.34,20.14,73.7,483.4,0.0806,0.0922,0.0133,0.049,0.1958,0.0562,1
11.75,26.58,79.87,452.5,0.0837,0.1659,0.0373,0.043,0.1389,0.0708,0
10.88,25.35,68.88,362.4,0.1075,0.019,0.0944,0.1183,0.1995,0.0533,1
14.99,23.36,103.03,677.0,0.0835,0.1108,0.0029,0.0301,0.1659,0.0577,1
11.77,24.27,67.69,466.7,0.097,0.089,0.2405,0.117,0.1892,0.0624,1
18.81,20.8,114.33,1094.3,0.0974,0.0315,0.0,0.0845,0.2378,0.0665,1
11.2,21.36,68.7,370.1,0.0792,0.0322,0.0277,0.0456,0.1715,0.0615,1
9.54,15.98,62.7,300.2,0.1098,0.1624,0.0436,0.0235,0.1606,0.0512,1
14.03,20.93,83.09,598.1,0.0742,0.1308,0.011,0.0229,0.1693,0.0616,1
6.98,16.52,42.76,144.2,0.0999,0.1533,0.1412,0.1218,0.1404,0.0708,0
6.9,24.63,46.91,135.4,0.0896,0.0499,0.0361,0.0754,0.1539,0.0643,1
16.29,21.99,94.46,912.1,0.0974,0.119,0.137,0.0592,0.2098,0.0775,1
14.29,17.46,94.19,637.3,0.0927,0.2214,0.2128,0.0,0.1277,0.0632,1
6.9,22.32,45.11,139.5,0.0802,0.0917,0.1857,0.0292,0.1641,0.0691,1
14.42,24.12,83.91,686.9,0.0918,0.1066,0.1006,0.034,0.1875,0.0657,1
13.08,15.55,85.28,579.2,0.1027,0.1046,0.0881,0.0563,0.1699,0.0576,0
8.77,18.19,55.87,243.0,0.0926,0.0983,0.1578,0.0428,0.2174,0.0616,0
16.66,15.12,100.23,789.7,0.0893,0.0635,0.0654,0.0334,0.1765,0.0698,1
19.41,19.13,117.35,1151.7,0.0682,0.1063,0.0495,0.0602,0.1718,0.0596,1
20.84,25.04,139.66,1294.3,0.0836,0.1886,0.0097,0.0822,0.185,0.0648,1
15.24,19.3,90.6,749.6,0.0856,0.1014,0.1124,0.0253,0.1883,0.0577,1
14.18,21.8,89.32,634.1,0.1077,0.1675,0.0046,0.0104,0.181,0.0685,0
20.31,16.95,132.23,1258.5,0.0906,0.2525,0.0321,0.0266,0.1791,0.0626,1
14.98,22.96,87.16,725.9,0.1031,0.0617,0.2542,0.0115,0.1282,0.0681,1
12.91,19.03,88.13,532.4,0.0851,0.1321,0.1412,0.0379,0.1505,0.0707,0
11.8,22.58,70.59,473.0,0.0671,0.0435,0.1199,0.1241,0.1966,0.0667,1
16.04,23.03,97.13,823.9,0.1098,0.0967,0.0311,0.0351,0.2082,0.0607,1
8.37,14.77,54.34,220.4,0.0852,0.2337,0.1489,0.0062,0.2155,0.0609,0
18.16,16.36,104.48,1103.1,0.1091,0.1376,0.0077,0.0312,0.142,0.049,1
9.23,17.53,59.47,251.7,0.0929,0.1199,0.0,0.1073,0.1584,0.065,0
11.13,26.93,75.75,369.2,0.1153,0.0425,0.0443,0.0374,0.2214,0.0693,0
15.18,25.14,90.59,765.0,0.1406,0.0725,0.0,0.0173,0.1707,0.0533,1
20.21,19.73,123.48,1268.4,0.1022,0.0606,0.1247,0.0,0.1977,0.0609,1
13.16,31.08,78.26,534.2,0.0769,0.0505,0.1169,0.0353,0.2719,0.0608,0
10.42,13.66,69.64,367.5,0.1037,0.1471,0.106,0.0,0.2093,0.0652,0
17.84,18.29,104.64,1021.9,0.1013,0.1399,0.1341,0.0562,0.1752,0.063,1
12.56,24.35,76.5,525.6,0.0787,0.0954,0.1307,0.032,0.1772,0.0556,1
8.22,19.49,52.69,225.4,0.0868,0.0756,0.0345,0.0,0.1952,0.0733,0
16.22,15.65,99.97,763.7,0.0898,0.1418,0.1259,0.1112,0.1291,0.0503,1
13.32,21.01,76.42,574.5,0.101,0.1916,0.1128,0.1292,0.1929,0.0578,1
13.25,30.81,90.71,601.5,0.0832,0.1556,0.0393,0.0578,0.1735,0.0527,1
16.68,15.71,101.41,870.6,0.0815,0.1097,0.0597,0.1064,0.1789,0.0645,1
17.0,16.15,105.65,950.1,0.0796,0.1519,0.1553,0.0567,0.1839,0.0653,1
11.47,14.67,67.28,418.8,0.0698,0.1543,0.0,0.0,0.2233,0.0612,0
14.53,17.5,97.97,624.1,0.1048,0.1119,0.1143,0.0383,0.1879,0.0535,1
8.65,23.96,52.08,220.7,0.0972,0.1119,0.0794,0.024,0.1873,0.0555,0
13.2,26.04,74.97,540.1,0.1071,0.0766,0.0858,0.0,0.2003,0.0682,0
11.03,13.86,66.76,380.9,0.086,0.1471,0.0656,0.0481,0.183,0.0614,0
13.36,21.92,92.07,561.1,0.0856,0.0952,0.1213,0.0197,0.1989,0.0588,1
12.67,22.63,73.99,550.2,0.1008,0.0531,0.0,0.0551,0.1779,0.0571,0
13.46,16.37,76.64,523.7,0.1085,0.0549,0.1079,0.0759,0.2124,0.0612,1
8.25,22.49,52.65,208.7,0.1098,0.1019,0.0052,0.1125,0.2155,0.066,0
9.49,20.92,58.1,283.8,0.0804,0.0548,0.1695,0.0467,0.1992,0.0603,0
13.34,24.0,88.76,610.8,0.1092,0.2454,0.0,0.0054,0.1191,0.065,1
19.33,9.73,127.09,1174.9,0.1171,0.1294,0.0,0.0276,0.1857,0.0511,0
16.66,20.55,98.09,920.0,0.1019,0.0783,0.0,0.032,0.129,0.0699,1
15.62,22.8,99.41,804.7,0.1122,0.1136,0.0835,0.1354,0.1913,0.0617,1
12.02,23.8,68.46,459.9,0.1033,0.1423,0.0,0.0439,0.2243,0.0551,0
10.79,22.77,66.97,338.7,0.0803,0.1153,0.0,0.0673,0.2118,0.0651,0
16.29,14.11,106.73,786.8,0.1091,0.0541,0.0329,0.0893,0.1737,0.0633,1
10.02,25.44,61.89,299.0,0.1014,0.0983,0.1298,0.1003,0.1767,0.0541,1
19.81,22.51,114.96,1119.1,0.0817,0.0915,0.0274,0.0558,0.1314,0.0611,1
13.95,19.38,79.96,596.6,0.088,0.0804,0.0714,0.0347,0.1814,0.0584,1
21.15,19.45,142.29,1436.4,0.1018,0.0609,0.0701,0.0293,0.1755,0.0531,1
20.06,26.88,135.91,1174.2,0.1296,0.1495,0.0,0.0,0.1471,0.059,1
15.57,22.36,94.76,712.1,0.1212,0.1285,0.1201,0.0817,0.1545,0.0547,1
15.44,19.97,90.5,779.9,0.068,0.1281,0.2659,0.1521,0.1486,0.0534,1
11.84,15.65,81.51,411.3,0.096,0.019,0.0,0.0994,0.239,0.0655,1
18.73,18.33,118.76,1021.7,0.1168,0.0833,0.0183,0.0488,0.1842,0.0641,1
12.77,15.63,79.86,561.3,0.0903,0.169,0.0,0.0,0.2014,0.0602,0
8.19,11.77,53.95,190.3,0.0889,0.1244,0.0723,0.0269,0.2057,0.049,0
18.14,20.26,106.43,997.7,0.0885,0.0435,0.0,0.0633,0.2245,0.0615,1
16.01,11.76,102.2,730.4,0.1078,0.1907,0.187,0.0351,0.2237,0.0673,1
12.3,16.6,83.31,507.4,0.1014,0.019,0.1997,0.0432,0.2065,0.0705,1
15.03,17.97,85.43,721.5,0.1035,0.1106,0.1427,0.0626,0.1399,0.0691,1
14.21,13.02,92.37,577.0,0.0932,0.1932,0.1619,0.0561,0.2067,0.0537,1
19.27,23.68,122.32,1193.5,0.1205,0.0225,0.0971,0.1363,0.1702,0.0566,1
10.58,18.81,72.47,325.2,0.0916,0.0792,0.1733,0.1345,0.1469,0.0608,1
19.32,9.7,115.53,1171.6,0.1083,0.0309,0.064,0.0362,0.171,0.0615,1
18.76,22.91,126.33,1143.1,0.0669,0.1774,0.0456,0.0872,0.1851,0.0622,1
11.86,26.91,71.67,410.8,0.0955,0.0614,0.1405,0.0,0.1117,0.0698,1
15.57,20.07,96.46,761.2,0.0894,0.1557,0.0576,0.0838,0.1918,0.0634,1
16.02,21.96,94.88,799.4,0.0974,0.1762,0.2569,0.0664,0.2117,0.0705,1
24.53,20.69,165.33,2047.5,0.0733,0.0372,0.1713,0.0137,0.1833,0.0566,1
11.37,21.75,67.09,446.4,0.1189,0.0262,0.044,0.0918,0.1518,0.0593,0
7.36,16.98,49.56,175.4,0.0983,0.1289,0.0747,0.009,0.1975,0.059,0
7.06,16.09,43.97,167.7,0.1275,0.1443,0.0769,0.043,0.1803,0.0616,0
14.84,14.77,99.49,712.2,0.107,0.1003,0.0287,0.0535,0.228,0.0525,0
17.69,19.82,105.91,1057.1,0.0997,0.1053,0.1582,0.0,0.119,0.0754,1
10.99,22.07,63.98,374.4,0.0962,0.181,0.0191,0.0541,0.1115,0.0627,0
13.43,22.02,85.31,578.9,0.1053,0.0915,0.0806,0.0137,0.1783,0.054,1
12.55,17.5,79.0,529.0,0.1066,0.1756,0.0271,0.0323,0.1686,0.0544,1
10.1,18.47,61.64,347.3,0.1031,0.074,0.0448,0.0443,0.1883,0.0626,1
16.21,18.45,105.17,747.0,0.1277,0.2287,0.1487,0.0,0.1923,0.0661,1
7.99,17.13,46.14,184.7,0.1122,0.058,0.1416,0.0287,0.222,0.0686,0
16.33,11.01,105.11,910.0,0.0871,0.1656,0.0604,0.0414,0.1745,0.0623,0
12.59,18.46,74.54,504.8,0.0849,0.0537,0.1778,0.0341,0.1931,0.0663,1
17.55,18.02,102.09,1062.5,0.1022,0.1449,0.1333,0.0118,0.1455,0.0644,1
14.7,19.1,99.93,718.6,0.0986,0.1036,0.0973,0.0,0.2476,0.0613,1
8.67,17.01,54.04,251.2,0.0999,0.1185,0.1597,0.0093,0.2109,0.0596,0
15.19,20.55,100.47,708.4,0.0733,0.1386,0.2001,0.0,0.2048,0.0622,0
12.76,30.95,73.59,486.7,0.1085,0.1168,0.1228,0.0158,0.1592,0.0612,1
17.93,22.67,102.69,1029.8,0.0908,0.1122,0.1096,0.0947,0.2178,0.062,1
16.65,17.26,104.51,936.9,0.1272,0.019,0.0,0.0,0.2084,0.0651,0
18.1,18.34,109.53,1075.7,0.0993,0.1757,0.1087,0.0826,0.1983,0.0733,1
12.89,18.81,72.97,519.1,0.0945,0.1835,0.1247,0.0,0.1782,0.055,0
10.89,19.8,64.09,391.4,0.1029,0.0985,0.1128,0.0671,0.1526,0.0627,1
14.05,19.28,83.31,643.8,0.0868,0.133,0.0168,0.1479,0.1795,0.0645,1
16.67,17.36,100.31,945.1,0.1195,0.175,0.0337,0.0704,0.1597,0.0594,0
10.75,17.13,72.64,345.9,0.1292,0.1353,0.1451,0.0407,0.1913,0.0696,0
15.18,22.07,93.86,668.8,0.1062,0.0764,0.0573,0.0418,0.1513,0.0586,1
15.42,18.17,100.36,742.5,0.1053,0.0415,0.102,0.0817,0.1616,0.0667,1
18.91,21.76,107.37,1092.2,0.0878,0.137,0.0,0.063,0.1247,0.0708,1
10.45,18.36,69.78,375.7,0.0959,0.1112,0.0868,0.0581,0.1954,0.0648,1
15.82,11.54,94.24,708.8,0.1036,0.1037,0.1517,0.0302,0.1927,0.0608,0
12.38,14.76,74.82,523.2,0.0799,0.0644,0.1119,0.0605,0.1673,0.0654,1
11.46,12.42,65.46,450.1,0.1181,0.0863,0.077,0.0,0.1151,0.0592,0
20.9,20.19,128.95,1249.0,0.0745,0.1215,0.0051,0.0253,0.1354,0.057,1
15.66,11.99,105.33,830.5,0.067,0.0887,0.0,0.116,0.1837,0.0646,1
19.48,17.15,119.43,1185.2,0.1204,0.1057,0.0263,0.0811,0.208,0.0672,1
11.49,17.71,78.09,436.8,0.1069,0.1024,0.1702,0.0431,0.1542,0.0627,1
19.97,18.24,134.7,1147.4,0.0828,0.1382,0.0837,0.0065,0.2137,0.0659,1
12.67,23.09,72.63,550.2,0.0982,0.0293,0.1426,0.1245,0.2263,0.0781,1
16.88,23.83,101.93,914.4,0.0993,0.0855,0.2013,0.0243,0.1933,0.0705,1
10.79,16.11,73.36,394.9,0.0974,0.0467,0.0978,0.0116,0.2092,0.058,0
10.34,19.22,58.86,347.5,0.0815,0.1121,0.1548,0.0546,0.1506,0.0633,1
14.01,17.49,92.71,621.2,0.1004,0.0619,0.1777,0.0275,0.1329,0.0641,0
19.52,21.11,132.62,1118.6,0.1123,0.1529,0.0,0.0,0.2312,0.0561,1
18.52,18.94,122.66,1008.1,0.0718,0.0826,0.0278,0.0,0.1543,0.0663,1
14.59,21.25,96.14,665.1,0.0892,0.074,0.0,0.0405,0.2121,0.0567,1
12.97,14.43,87.09,567.6,0.0798,0.0607,0.0,0.0051,0.1923,0.0667,1
15.21,20.28,98.74,670.9,0.0853,0.1171,0.0486,0.0,0.2285,0.0755,0
10.42,13.27,64.46,375.1,0.1013,0.038,0.0678,0.0,0.2019,0.0611,0
14.59,15.94,83.66,719.0,0.0779,0.0992,0.0,0.0409,0.1493,0.0651,1
14.27,19.74,94.82,626.0,0.1203,0.0979,0.1239,0.0431,0.1717,0.064,0
14.28,10.91,97.0,609.0,0.097,0.0769,0.0496,0.0799,0.1999,0.0555,1
15.73,9.89,99.06,842.9,0.0906,0.1154,0.2014,0.0023,0.1662,0.0568,1
16.87,14.32,106.69,826.7,0.0695,0.0799,0.1025,0.041,0.2092,0.0645,1
6.9,15.26,42.52,145.0,0.098,0.1188,0.1019,0.0225,0.1836,0.0629,0
11.19,15.71,75.33,360.6,0.0968,0.0757,0.0718,0.069,0.2098,0.0611,0
11.81,17.05,67.0,477.9,0.0775,0.0653,0.0786,0.0487,0.2115,0.0685,0
13.55,20.62,87.26,590.4,0.0821,0.1173,0.1173,0.061,0.1894,0.0653,1
13.85,27.73,94.11,582.9,0.1201,0.146,0.1596,0.0948,0.1774,0.0774,1
16.32,16.6,94.4,799.2,0.0905,0.2525,0.0,0.0555,0.1665,0.0555,1
15.23,20.94,104.48,720.6,0.0966,0.0863,0.0219,0.0897,0.1501,0.0592,1
18.29,24.65,125.67,965.1,0.1037,0.1442,0.1112,0.0,0.2274,0.0722,1
13.05,23.89,89.04,576.7,0.0938,0.0809,0.0849,0.0,0.1832,0.0738,0
11.72,15.92,73.09,432.5,0.1149,0.1433,0.1506,0.0983,0.1743,0.056,1
13.61,23.05,83.51,608.1,0.0858,0.1717,0.0349,0.0586,0.1747,0.0593,0
14.2,24.85,92.9,599.7,0.09,0.1107,0.1879,0.0707,0.1796,0.0607,1
14.45,25.88,87.5,656.5,0.0902,0.141,0.0471,0.0924,0.1678,0.0719,1
13.2,26.04,75.78,515.8,0.0849,0.1271,0.0629,0.0192,0.1656,0.0611,0
17.9,14.57,121.5,1070.2,0.0837,0.1046,0.1745,0.0246,0.1442,0.0608,1
17.55,20.33,113.24,1020.9,0.0964,0.0818,0.1331,0.0792,0.1822,0.0601,1
17.91,16.33,105.94,936.8,0.1149,0.0858,0.2446,0.0349,0.2163,0.0628,1
10.65,13.68,60.47,326.0,0.0795,0.0352,0.163,0.0269,0.1615,0.0644,0
16.64,21.36,109.23,926.3,0.0934,0.158,0.1899,0.0,0.1959,0.0751,1
19.72,20.16,132.65,1126.3,0.1067,0.2013,0.0645,0.082,0.1965,0.0722,1
18.02,20.03,111.09,1030.0,0.1237,0.0307,0.191,0.0273,0.1918,0.0544,1
12.3,17.26,70.81,478.6,0.1091,0.158,0.0934,0.0815,0.2316,0.0607,1
12.94,29.83,83.72,494.8,0.0931,0.1017,0.0,0.0668,0.1972,0.0621,1
8.61,25.79,51.9,237.1,0.0882,0.0707,0.1255,0.1009,0.1828,0.0589,0
18.6,17.5,108.55,1087.5,0.1118,0.1114,0.1323,0.0,0.1901,0.069,1
10.68,19.2,67.24,359.0,0.1084,0.0622,0.0018,0.0,0.2038,0.0714,0
12.42,21.43,77.75,471.0,0.0962,0.1162,0.1164,0.1147,0.228,0.0586,1
16.06,23.72,101.25,865.1,0.0931,0.0887,0.0971,0.0864,0.1745,0.0621,1
14.61,21.37,97.74,614.8,0.1242,0.0861,0.1838,0.0091,0.1858,0.0683,1
15.38,19.79,96.34,734.0,0.1221,0.1652,0.1226,0.0168,0.2636,0.0695,1
12.08,13.2,81.98,436.4,0.1015,0.019,0.088,0.0498,0.1797,0.0585,1
9.69,27.74,65.05,315.5,0.0989,0.0745,0.0,0.0403,0.1785,0.0653,0
14.86,16.59,96.19,655.6,0.0799,0.019,0.0,0.0228,0.1583,0.0571,0
11.02,23.86,63.1,401.9,0.0966,0.1108,0.188,0.0158,0.1833,0.0694,1
15.92,19.44,107.33,814.0,0.1129,0.0783,0.1191,0.0298,0.179,0.0569,1
10.98,24.68,74.59,407.1,0.069,0.0665,0.069,0.0668,0.1916,0.0628,0
13.58,13.71,83.19,590.2,0.1044,0.1187,0.1318,0.0486,0.1883,0.0587,0
20.11,16.57,127.02,1284.9,0.1056,0.1358,0.0693,0.0293,0.1277,0.0551,1
14.86,18.7,89.28,735.5,0.1057,0.1655,0.0,0.0226,0.1457,0.058,0
11.3,15.36,64.11,406.2,0.0869,0.2564,0.168,0.1295,0.1766,0.0596,1
15.85,16.99,99.18,843.6,0.0915,0.0744,0.1781,0.0261,0.1695,0.0707,1
13.6,24.85,79.12,528.7,0.0873,0.0689,0.062,0.0678,0.1531,0.0587,1
11.34,21.68,66.74,403.6,0.1238,0.1042,0.0847,0.1416,0.1313,0.0625,1
14.19,25.53,88.81,672.1,0.1178,0.1085,0.0396,0.0743,0.2249,0.0573,1
18.44,19.58,124.37,1142.7,0.1012,0.1941,0.2337,0.066,0.2244,0.0684,1
16.21,18.62,108.87,880.7,0.0965,0.1311,0.1831,0.0949,0.2014,0.0694,1
13.46,13.68,92.44,581.0,0.0959,0.0549,0.0238,0.1009,0.1652,0.0675,1
9.86,23.81,61.74,335.6,0.0916,0.052,0.1358,0.047,0.2207,0.0595,1
16.67,18.61,105.83,817.4,0.0697,0.1394,0.0187,0.0,0.1616,0.0573,1
15.77,20.14,105.47,730.4,0.0966,0.0932,0.0238,0.0421,0.1928,0.0555,1
8.41,16.89,54.95,201.4,0.1244,0.1776,0.053,0.07,0.1597,0.0674,0
8.91,31.54,52.43,273.8,0.1001,0.1308,0.04,0.0349,0.1817,0.0588,0
19.6,19.83,120.64,1170.2,0.0873,0.0497,0.0,0.0392,0.1941,0.068,1
15.22,16.23,103.84,765.9,0.0996,0.0429,0.1928,0.1095,0.1406,0.056,1
9.23,14.32,53.89,244.1,0.0929,0.1219,0.1047,0.0779,0.1696,0.0605,1
18.08,21.57,107.0,985.6,0.0821,0.0862,0.2108,0.0704,0.1878,0.0588,1
18.36,16.06,113.07,1085.2,0.0803,0.1633,0.0749,0.0086,0.1471,0.057,0
11.62,17.36,79.43,426.3,0.0965,0.1216,0.0,0.0387,0.1555,0.0498,0
10.87,12.73,63.02,349.5,0.0755,0.1206,0.169,0.0625,0.1878,0.0527,0
14.38,19.59,93.48,644.6,0.0962,0.0401,0.1087,0.0728,0.1666,0.0699,1
14.66,19.54,85.33,622.3,0.0948,0.0792,0.067,0.1083,0.1478,0.0561,1
13.55,27.29,85.55,581.7,0.1061,0.1015,0.1832,0.0734,0.1818,0.0667,1
10.35,17.0,65.51,309.4,0.0938,0.019,0.0,0.0275,0.1927,0.0621,0
12.87,9.85,73.47,534.5,0.0813,0.1364,0.1655,0.1195,0.2416,0.0596,1
12.61,18.34,86.43,465.1,0.0982,0.1484,0.1447,0.0375,0.1833,0.059,1
8.89,24.9,59.28,250.6,0.1106,0.0765,0.1063,0.0828,0.1813,0.0614,1
17.57,21.93,106.04,897.9,0.0886,0.17,0.0,0.0261,0.1733,0.0667,1
10.39,23.97,60.46,332.4,0.1185,0.1677,0.1621,0.0185,0.212,0.0534,0
18.67,21.24,113.69,1062.6,0.0976,0.1312,0.1468,0.0,0.1898,0.0615,1
14.64,17.41,99.24,707.9,0.091,0.1008,0.109,0.0,0.2036,0.0647,1
11.85,14.47,68.99,453.6,0.0872,0.1558,0.0837,0.03,0.187,0.0672,1
15.46,15.07,94.21,816.5,0.0987,0.0265,0.0,0.0977,0.2057,0.0691,1
13.63,16.71,85.54,632.9,0.0947,0.1079,0.0,0.058,0.1912,0.0607,0
18.73,22.03,106.69,1151.7,0.078,0.0601,0.0268,0.0,0.143,0.0522,1
21.52,18.95,128.94,1533.6,0.1183,0.0695,0.0,0.0796,0.1732,0.0648,1
15.47,11.56,99.06,770.6,0.0913,0.1274,0.0,0.0478,0.174,0.0612,1
13.47,20.68,81.65,591.9,0.1182,0.0622,0.0529,0.1056,0.193,0.0704,1
19.71,24.56,133.02,1249.1,0.0807,0.0244,0.0,0.0293,0.1851,0.0634,1
13.38,12.51,91.41,541.2,0.1095,0.2195,0.0696,0.0136,0.2169,0.0705,0
12.26,21.66,76.13,458.1,0.115,0.0726,0.0932,0.1139,0.1917,0.0583,1
18.41,10.22,116.41,1080.7,0.1138,0.0601,0.0,0.0861,0.1937,0.0705,1
17.04,15.53,109.87,952.4,0.1016,0.1661,0.1534,0.0,0.1536,0.0631,1
12.3,13.78,79.83,466.4,0.1099,0.0727,0.1679,0.0617,0.1851,0.0649,1
15.2,22.24,87.16,674.0,0.1026,0.038,0.0,0.0,0.1752,0.05,0
12.9,26.46,73.82,518.5,0.0816,0.0564,0.1948,0.0843,0.1252,0.0698,1
16.21,23.87,109.3,902.0,0.1018,0.0816,0.1322,0.0057,0.1455,0.0607,1
15.87,23.72,94.13,746.0,0.0807,0.0483,0.0954,0.0004,0.2005,0.0655,1
9.63,15.29,61.52,300.0,0.0788,0.0607,0.2035,0.1007,0.1986,0.0597,1
14.24,21.81,91.7,698.5,0.0999,0.0807,0.0964,0.0637,0.1651,0.0701,0
8.91,20.33,52.23,243.2,0.0877,0.1545,0.0264,0.076,0.1659,0.0636,0
9.12,14.25,60.3,281.6,0.1183,0.2118,0.0,0.0296,0.1504,0.063,0
12.37,23.93,83.41,515.7,0.1196,0.1617,0.0787,0.0449,0.2077,0.0753,0
12.01,21.17,72.22,438.6,0.1343,0.0922,0.0784,0.1076,0.1591,0.049,1
8.12,18.36,54.87,190.5,0.0769,0.0306,0.0,0.0602,0.1656,0.0591,0
9.95,22.83,57.28,291.0,0.0802,0.1405,0.0597,0.1365,0.2084,0.0609,1
8.7,19.94,57.95,231.4,0.1082,0.0508,0.2093,0.0406,0.2079,0.0562,0
11.51,24.47,74.35,454.4,0.0916,0.0848,0.1279,0.0845,0.1761,0.0643,1
15.94,27.42,101.82,762.2,0.0859,0.188,0.0,0.0902,0.1813,0.0526,1
19.27,18.1,114.54,1266.2,0.0906,0.1926,0.1121,0.0555,0.1937,0.0529,1
17.8,18.05,108.75,931.9,0.095,0.1133,0.1435,0.0998,0.1699,0.0651,1
15.62,17.19,106.2,838.5,0.1053,0.1678,0.1694,0.0277,0.1783,0.0556,1
15.42,19.37,96.22,716.2,0.0706,0.166,0.1342,0.0808,0.1757,0.0656,1
13.73,25.11,87.9,608.0,0.1017,0.1382,0.1798,0.0085,0.1996,0.0578,1
13.75,14.74,93.92,542.8,0.0933,0.0899,0.1477,0.0,0.2193,0.0561,0
18.95,13.41,118.27,1083.0,0.0849,0.0751,0.0687,0.0495,0.2119,0.0551,1
16.26,20.31,99.88,782.5,0.1154,0.1063,0.1141,0.0431,0.2084,0.0553,1
14.8,19.14,100.3,619.8,0.09,0.0373,0.0699,0.0059,0.1514,0.059,0
7.96,20.13,54.12,185.4,0.0912,0.0792,0.1199,0.0771,0.2159,0.0564,1
16.65,10.89,101.57,887.1,0.0921,0.1351,0.1461,0.1073,0.1627,0.0611,1
16.69,25.93,106.8,855.8,0.1179,0.0712,0.082,0.0357,0.1329,0.049,1
11.93,20.18,81.91,467.0,0.0975,0.1843,0.112,0.0876,0.1581,0.0561,1
14.89,29.82,85.24,720.4,0.095,0.1168,0.0498,0.0239,0.1785,0.0707,1
13.63,21.08,77.76,618.6,0.1084,0.1447,0.0639,0.0404,0.126,0.0532,1
12.22,17.57,77.04,503.6,0.0647,0.0929,0.0825,0.0461,0.2002,0.0574,0
15.54,20.4,93.56,807.2,0.0988,0.1369,0.0437,0.0797,0.2035,0.0707,1
10.32,25.66,65.9,331.1,0.099,0.0453,0.1929,0.0449,0.1707,0.0617,1
21.24,16.2,139.44,1363.1,0.1076,0.126,0.1351,0.0,0.1495,0.0499,1
15.96,21.81,91.64,800.6,0.1001,0.1309,0.1465,0.0936,0.2059,0.0662,1
13.72,21.18,92.8,595.5,0.0802,0.1707,0.1322,0.0523,0.1561,0.0703,1
17.46,21.85,104.81,921.9,0.0728,0.019,0.1014,0.0,0.1372,0.0618,1
16.84,15.39,103.3,898.0,0.1049,0.0691,0.0,0.102,0.1793,0.0581,1
11.49,22.04,69.84,382.1,0.0891,0.019,0.1766,0.104,0.1817,0.0498,1
12.33,21.72,82.74,451.9,0.0914,0.0603,0.2524,0.007,0.1895,0.0586,1
6.9,26.04,40.5,156.9,0.084,0.0984,0.1403,0.0,0.2017,0.0533,0
10.35,26.92,58.9,315.2,0.0962,0.1347,0.0258,0.0914,0.205,0.0619,1
16.43,20.9,112.97,786.8,0.095,0.2208,0.1349,0.0915,0.1469,0.0678,1
14.74,20.29,101.52,653.5,0.0789,0.1742,0.0248,0.0663,0.126,0.0551,0
12.37,15.17,73.96,468.3,0.1068,0.0786,0.0503,0.0311,0.1934,0.0668,0
15.31,18.45,86.76,711.1,0.086,0.1415,0.0,0.0179,0.1823,0.0497,0
12.24,17.34,79.15,458.9,0.116,0.1677,0.1962,0.0708,0.1686,0.0603,1
9.02,23.5,58.36,237.2,0.099,0.0988,0.113,0.0236,0.1771,0.049,0
10.79,20.62,73.77,341.3,0.0948,0.1007,0.1333,0.0239,0.1584,0.0633,1
22.13,15.08,133.44,1457.3,0.0749,0.0921,0.1504,0.0778,0.2276,0.0699,1
13.57,15.68,79.97,567.2,0.1036,0.1291,0.1257,0.0853,0.1267,0.059,1
13.77,30.27,88.53,576.1,0.0954,0.1255,0.1652,0.105,0.1924,0.0631,1
15.93,17.46,101.37,843.7,0.0984,0.1114,0.1959,0.0,0.1463,0.0585,1
17.53,22.21,114.94,970.3,0.1144,0.1943,0.0852,0.029,0.1632,0.0645,1
13.31,19.4,90.07,565.0,0.1082,0.1562,0.0,0.035,0.1691,0.0677,0
17.98,18.23,114.32,1027.9,0.1116,0.0198,0.0214,0.0473,0.1545,0.0619,1
13.33,24.34,77.89,546.9,0.0622,0.019,0.1369,0.0,0.1749,0.0583,1
14.06,17.34,90.08,680.7,0.0931,0.1257,0.0069,0.0696,0.11,0.064,0
12.41,18.0,76.01,439.1,0.0737,0.0987,0.083,0.1198,0.1396,0.0747,1
16.79,25.21,104.5,835.3,0.1026,0.019,0.2856,0.0027,0.1309,0.0642,1
9.26,17.65,63.53,257.8,0.0697,0.019,0.1705,0.0552,0.148,0.0531,1
14.9,13.25,94.65,750.7,0.1107,0.091,0.0,0.0957,0.1595,0.0752,1
16.17,14.45,94.48,890.2,0.118,0.1174,0.2722,0.039,0.1808,0.0563,1
17.69,21.51,109.89,1051.2,0.0934,0.1193,0.196,0.0201,0.1636,0.0565,1
16.01,16.28,95.13,791.9,0.1008,0.0725,0.1404,0.0548,0.1575,0.0691,1
10.88,24.16,63.38,402.7,0.1177,0.075,0.0986,0.0759,0.1669,0.0591,1
16.12,19.39,105.58,750.8,0.1252,0.0779,0.0,0.0,0.1622,0.0655,0
16.69,22.58,107.56,901.8,0.1196,0.1296,0.0585,0.0874,0.171,0.065,0
16.37,20.82,102.81,915.5,0.1035,0.0245,0.0,0.0399,0.172,0.0651,0
13.26,23.86,82.04,580.5,0.1186,0.105,0.1632,0.0226,0.1599,0.0721,1
13.57,27.4,82.23,552.8,0.0825,0.157,0.1027,0.0,0.1385,0.0601,1
17.59,21.73,101.41,1014.3,0.0864,0.0857,0.0293,0.0232,0.1797,0.0622,0
14.11,21.52,85.1,599.8,0.1091,0.1123,0.1678,0.0249,0.2036,0.0556,0
10.76,24.08,72.18,335.5,0.0964,0.1256,0.1143,0.0026,0.1524,0.0672,0
12.67,16.88,84.12,526.2,0.1054,0.0698,0.2175,0.066,0.178,0.0634,1
19.32,21.63,132.86,1097.4,0.1088,0.0987,0.0529,0.0536,0.169,0.0708,1
9.4,15.34,60.91,256.0,0.109,0.0364,0.1981,0.0853,0.1967,0.0646,1
18.65,16.04,118.44,1104.0,0.0701,0.1293,0.1058,0.0752,0.1576,0.0741,1
14.18,17.25,85.46,646.9,0.1055,0.1125,0.0268,0.0237,0.1752,0.0611,0
9.46,24.75,54.41,255.9,0.0872,0.1646,0.1349,0.0361,0.1777,0.0636,0
16.87,18.7,108.5,805.5,0.0996,0.1496,0.0939,0.0197,0.1879,0.0625,1
11.61,15.94,72.78,455.8,0.0898,0.1654,0.124,0.0,0.1513,0.0571,0
14.43,22.56,95.36,603.8,0.0901,0.1679,0.0101,0.0626,0.1892,0.049,1
7.67,12.22,47.34,187.9,0.0873,0.0664,0.0,0.0543,0.1666,0.0636,0
18.81,11.25,129.66,1212.4,0.1066,0.1289,0.0489,0.0249,0.1949,0.0508,1
13.07,18.21,80.44,537.9,0.0936,0.1391,0.1332,0.0786,0.1703,0.0652,1
11.95,18.15,72.58,416.3,0.0925,0.0716,0.1308,0.0351,0.2148,0.0701,0
14.77,23.79,99.69,670.7,0.0913,0.1681,0.0521,0.0948,0.1375,0.0616,1
17.2,24.46,105.81,952.5,0.1042,0.0983,0.1065,0.0421,0.1957,0.0647,1
13.44,18.86,90.71,597.3,0.084,0.1373,0.057,0.0,0.1895,0.0649,0
17.09,18.41,97.23,937.2,0.1183,0.1614,0.0774,0.1059,0.1934,0.0687,1
14.01,15.96,91.42,559.2,0.0868,0.1262,0.1877,0.0619,0.2094,0.0613,1
14.41,18.83,82.79,605.8,0.0899,0.1983,0.0,0.012,0.1325,0.0535,0
11.3,9.7,66.0,390.9,0.0963,0.2298,0.2371,0.0327,0.2395,0.0497,0
17.8,17.36,116.32,1036.3,0.1026,0.1049,0.1017,0.0165,0.195,0.0596,1
16.45,18.95,99.01,864.5,0.0934,0.1538,0.2475,0.0857,0.2331,0.0506,1
16.02,15.92,94.83,732.8,0.0927,0.2272,0.235,0.0,0.2314,0.0623,1
17.83,16.53,118.79,1058.0,0.1112,0.0719,0.0,0.0586,0.1926,0.0638,0
10.43,18.02,71.38,348.9,0.0642,0.019,0.1025,0.0,0.188,0.0583,1
14.35,19.27,85.34,697.0,0.0879,0.1541,0.0105,0.0,0.2012,0.0672,0
17.98,23.01,108.84,998.9,0.0844,0.0839,0.0773,0.0636,0.1194,0.0631,1
13.98,21.13,91.6,612.8,0.0903,0.0415,0.1241,0.002,0.1786,0.0574,0
14.62,23.09,97.65,658.8,0.1155,0.0669,0.2031,0.0745,0.2072,0.0588,1
14.52,21.76,100.34,691.8,0.0864,0.0229,0.0023,0.0846,0.2223,0.0714,1
15.76,19.79,94.53,819.6,0.0947,0.1923,0.2878,0.031,0.1725,0.0501,1
7.37,28.9,46.83,178.3,0.1037,0.1796,0.0421,0.0666,0.1907,0.0603,0
14.52,16.22,84.55,634.7,0.085,0.0921,0.0,0.104,0.1965,0.0634,1
15.49,15.37,94.03,774.3,0.064,0.0965,0.1745,0.0116,0.1788,0.0577,1
15.47,18.64,88.35,727.6,0.0602,0.1142,0.0981,0.0807,0.1558,0.0569,1
19.7,19.04,116.62,1300.7,0.1146,0.191,0.2627,0.0184,0.1631,0.0697,1
12.05,19.89,75.81,415.6,0.1023,0.0489,0.0103,0.0481,0.1528,0.0763,0
19.87,15.2,116.45,1125.7,0.0914,0.0954,0.1026,0.0243,0.1402,0.0597,1
12.83,27.72,86.89,475.9,0.0912,0.1689,0.1883,0.0257,0.1764,0.0622,1
9.38,17.82,61.42,260.0,0.0841,0.0866,0.0212,0.0343,0.2409,0.0661,0
19.37,15.16,110.21,1069.7,0.0983,0.0606,0.1893,0.0252,0.1877,0.0549,1
17.78,20.44,120.13,908.1,0.1061,0.1126,0.1194,0.043,0.1733,0.0625,1
14.58,24.01,100.35,641.9,0.0835,0.019,0.0086,0.0924,0.1911,0.0727,1
12.05,26.23,75.74,419.7,0.0996,0.1233,0.1878,0.0,0.1587,0.0787,1
13.37,9.7,80.89,595.5,0.0839,0.0909,0.0725,0.0643,0.1362,0.0533,1
14.99,22.6,89.73,642.9,0.0947,0.1371,0.1819,0.007,0.1624,0.0557,0
18.96,26.85,109.3,1221.5,0.0881,0.0679,0.0325,0.0093,0.1505,0.059,1
9.49,16.74,59.53,303.9,0.1087,0.1275,0.0,0.0,0.1311,0.0594,0
13.36,18.3,76.39,528.0,0.0961,0.115,0.0532,0.0889,0.1661,0.0696,0
13.18,15.22,82.88,499.0,0.0799,0.0426,0.0783,0.0388,0.1942,0.0622,0
12.4,16.9,74.06,444.9,0.0948,0.0549,0.1034,0.0138,0.1917,0.069,0
11.83,14.72,73.98,444.9,0.1098,0.1679,0.1302,0.0529,0.1883,0.0637,1
19.73,23.32,121.94,1247.6,0.0791,0.1538,0.2428,0.0347,0.2261,0.0612,1
11.29,18.84,68.17,385.7,0.0921,0.019,0.0798,0.0899,0.1661,0.0651,0
14.57,9.7,90.61,639.8,0.0904,0.0814,0.2288,0.0093,0.1927,0.049,1
9.97,16.71,62.32,314.2,0.0989,0.1204,0.169,0.0426,0.1705,0.0597,0
17.14,16.33,114.88,887.1,0.093,0.1317,0.0816,0.0803,0.2194,0.06,1
12.37,22.98,80.3,522.5,0.1011,0.1183,0.1122,0.0075,0.1592,0.0523,1
6.9,19.01,42.77,146.1,0.086,0.1237,0.1193,0.0305,0.2011,0.0714,0
17.51,18.89,118.94,909.2,0.0936,0.0853,0.169,0.0,0.1877,0.0603,1
12.16,22.06,80.31,431.6,0.0931,0.113,0.1811,0.015,0.2139,0.0646,0
18.69,23.85,107.47,1126.3,0.1211,0.0531,0.0,0.0,0.1812,0.0681,1
17.91,20.45,104.74,972.8,0.1004,0.0849,0.1653,0.0077,0.1746,0.0562,1
13.71,16.49,78.94,553.8,0.1078,0.019,0.1202,0.0,0.1714,0.064,0
15.49,12.83,93.8,720.0,0.1218,0.049,0.119,0.0226,0.1769,0.0506,0
14.43,25.53,89.5,629.0,0.0995,0.0582,0.0775,0.0849,0.1306,0.0658,1
9.2,33.87,57.85,272.6,0.0928,0.0608,0.1436,0.0586,0.1669,0.0581,1
19.08,19.83,128.31,1069.3,0.0822,0.1419,0.1582,0.0973,0.1653,0.06,1
13.2,20.66,74.94,572.9,0.0787,0.0222,0.0969,0.0333,0.1502,0.0699,1
14.18,25.77,87.82,607.0,0.0658,0.0708,0.1687,0.0139,0.1659,0.0747,1
14.23,11.94,87.82,634.7,0.1084,0.1375,0.0382,0.0432,0.1568,0.057,0
13.31,23.4,91.11,573.8,0.1024,0.0351,0.0889,0.0249,0.1671,0.056,0
16.34,20.92,97.35,846.1,0.0927,0.17,0.1165,0.0636,0.1979,0.0668,1
13.76,15.99,79.93,614.1,0.0924,0.1133,0.0636,0.0,0.1979,0.0665,1
12.3,17.06,71.75,458.4,0.082,0.1398,0.0619,0.0453,0.2236,0.0537,1
12.65,13.64,79.8,549.3,0.1029,0.0549,0.0145,0.1051,0.1893,0.0618,0
19.92,24.14,122.43,1236.4,0.0876,0.0645,0.1221,0.013,0.1399,0.0618,1
14.31,14.83,94.48,620.4,0.0923,0.0966,0.2416,0.0312,0.1721,0.0617,1
19.79,21.07,119.95,1180.3,0.0805,0.1462,0.1356,0.0,0.1637,0.0666,1
10.75,12.31,62.52,329.8,0.0829,0.1446,0.0747,0.0902,0.1545,0.0726,0
11.84,25.3,72.71,456.7,0.109,0.1247,0.1919,0.0443,0.21,0.0604,1
12.41,18.42,83.95,460.9,0.1116,0.0926,0.0853,0.0282,0.1933,0.0746,1
13.81,23.91,85.13,654.1,0.0787,0.064,0.1473,0.0498,0.1829,0.0611,1
11.6,18.39,77.75,398.3,0.1043,0.1587,0.1323,0.0453,0.1409,0.0734,0
13.65,16.69,83.56,588.8,0.0856,0.0856,0.0,0.0214,0.1788,0.065,0
14.8,13.54,88.93,720.5,0.089,0.0239,0.0959,0.0,0.2438,0.0696,0
17.62,23.83,116.8,1047.6,0.1128,0.054,0.2573,0.0538,0.1584,0.0686,1
9.4,17.74,55.63,258.5,0.092,0.0674,0.0452,0.0486,0.1751,0.0563,0
17.35,20.58,103.17,1037.5,0.0919,0.0862,0.2139,0.0333,0.2185,0.0646,1
16.69,16.26,95.42,946.3,0.073,0.1002,0.168,0.0364,0.1692,0.0556,1
10.69,19.23,62.97,392.2,0.0913,0.0329,0.0525,0.0891,0.1686,0.0613,1
11.34,20.18,69.52,432.5,0.0872,0.0788,0.0963,0.059,0.1748,0.054,0
15.35,11.75,94.51,796.1,0.1024,0.0854,0.0123,0.0,0.1904,0.0606,0
11.89,16.37,73.52,452.9,0.0884,0.0935,0.1631,0.097,0.1557,0.0624,1
18.9,26.07,118.27,1199.7,0.1131,0.0635,0.0133,0.0739,0.2059,0.056,1
14.08,15.79,89.74,627.0,0.1015,0.2326,0.1277,0.0712,0.1704,0.062,1
9.87,23.18,58.16,308.4,0.0988,0.0855,0.2403,0.0179,0.1866,0.0676,1
10.19,20.7,65.48,330.3,0.1058,0.073,0.0448,0.0804,0.1697,0.0551,0
8.88,21.5,53.97,272.3,0.0988,0.0469,0.1232,0.0549,0.1449,0.0682,0
13.73,22.03,90.31,545.4,0.1062,0.1437,0.0,0.0039,0.1217,0.0685,1
13.9,19.39,88.34,644.1,0.0939,0.019,0.0992,0.0589,0.1872,0.0553,1
15.89,16.85,100.92,757.3,0.0948,0.019,0.0159,0.0842,0.132,0.049,1
18.52,16.1,120.68,1047.6,0.0847,0.1023,0.1152,0.0696,0.2016,0.0696,1
14.14,17.88,85.88,575.4,0.086,0.1282,0.0536,0.0,0.1844,0.0603,0
18.54,24.68,114.84,1047.8,0.1142,0.0994,0.0176,0.0632,0.2357,0.062,1
11.55,13.47,73.77,460.2,0.1025,0.2095,0.085,0.0342,0.1652,0.0762,0
8.95,17.96,55.35,246.5,0.0745,0.077,0.0,0.0,0.2278,0.065,0
16.88,12.79,104.88,925.5,0.1108,0.0882,0.0126,0.0727,0.1731,0.0653,1
16.64,16.8,99.79,803.9,0.0978,0.1019,0.2832,0.074,0.2061,0.0619,1
14.99,18.77,90.18,765.6,0.0849,0.1062,0.0778,0.0468,0.1957,0.0607,1
16.48,25.3,107.67,909.2,0.121,0.0976,0.0583,0.0092,0.1315,0.0616,1
6.9,25.76,39.06,146.2,0.1136,0.095,0.1253,0.101,0.2672,0.061,1
12.46,11.57,71.95,473.0,0.1066,0.0361,0.1796,0.0688,0.2247,0.0502,1
18.02,12.8,123.39,1006.3,0.0982,0.1398,0.2263,0.071,0.1917,0.055,1
13.2,18.59,77.75,536.6,0.1008,0.1549,0.092,0.083,0.2169,0.0616,1
16.38,22.57,101.23,802.1,0.0657,0.0795,0.0809,0.0941,0.1884,0.0763,1
23.21,12.41,156.03,1858.5,0.1065,0.1017,0.1277,0.0603,0.2049,0.0523,1
17.68,17.71,99.98,1043.0,0.0985,0.1849,0.1019,0.0047,0.1852,0.0584,1
12.84,23.75,87.54,493.9,0.0994,0.0648,0.0841,0.0219,0.1529,0.0583,1
7.92,24.28,45.32,216.0,0.0991,0.1147,0.1449,0.0283,0.1783,0.0668,0
16.61,17.99,97.49,782.8,0.0894,0.1092,0.1437,0.0942,0.1669,0.0627,1
7.02,10.69,39.95,152.9,0.0827,0.1874,0.102,0.0562,0.1981,0.0575,0
11.34,23.81,71.53,409.6,0.0973,0.2006,0.2878,0.022,0.1525,0.0701,1
11.51,15.34,78.73,377.7,0.0773,0.1454,0.2479,0.0404,0.185,0.0551,1
13.68,21.61,91.78,548.1,0.0999,0.2882,0.1412,0.0983,0.1429,0.0584,1
15.06,15.43,97.27,678.1,0.0816,0.1055,0.1888,0.0713,0.2018,0.0542,1
11.08,19.73,65.24,402.7,0.1095,0.019,0.044,0.0876,0.1481,0.0689,0
17.78,20.63,119.97,1080.5,0.076,0.0774,0.0997,0.0056,0.1973,0.0617,1
19.06,24.82,125.86,1169.7,0.0954,0.0805,0.155,0.04,0.1842,0.057,1
13.25,13.25,79.37,558.5,0.097,0.1846,0.2075,0.0236,0.2092,0.0651,0
17.85,15.51,119.0,1008.3,0.1131,0.0943,0.0156,0.1051,0.1769,0.0731,0
11.68,26.24,78.92,415.8,0.0996,0.173,0.0454,0.0428,0.203,0.049,1
10.47,20.3,68.39,367.0,0.0846,0.1458,0.1036,0.0262,0.185,0.0663,1
17.88,15.6,103.36,1012.5,0.0835,0.1193,0.2178,0.0,0.1926,0.0741,1
15.03,22.41,103.58,671.4,0.1163,0.125,0.1034,0.1016,0.1326,0.0729,1
15.47,15.0,88.96,697.2,0.0955,0.1188,0.1884,0.1035,0.1636,0.0603,1
20.54,20.14,133.04,1454.1,0.0933,0.1632,0.0847,0.0,0.1766,0.0627,1
16.43,16.36,95.19,766.2,0.0863,0.091,0.155,0.0561,0.218,0.0635,1
22.51,24.64,152.9,1729.8,0.079,0.0841,0.0113,0.084,0.1903,0.0602,1
14.43,15.62,87.95,617.3,0.1226,0.1253,0.0378,0.0661,0.1346,0.0685,1
19.39,9.7,122.11,1218.4,0.0969,0.1141,0.0775,0.0314,0.1928,0.0508,1
13.92,17.37,81.84,584.6,0.0806,0.0932,0.0027,0.012,0.1573,0.066,0
10.06,16.43,63.8,340.8,0.1064,0.2176,0.0,0.0924,0.1597,0.0615,0
17.01,18.25,116.26,916.9,0.1044,0.1411,0.0616,0.0773,0.1794,0.0691,1
13.97,21.69,94.83,569.1,0.0785,0.0749,0.0,0.0722,0.1885,0.0698,1
21.36,14.22,122.5,1367.4,0.0878,0.1352,0.0828,0.0925,0.16,0.0628,1
16.07,15.96,98.51,782.1,0.1024,0.055,0.1145,0.1311,0.1338,0.0576,1
17.43,19.27,104.42,1028.1,0.1062,0.0444,0.0257,0.0356,0.1762,0.0693,0
8.61,16.46,53.9,245.3,0.0853,0.1457,0.0639,0.0357,0.175,0.0531,0
16.64,19.58,111.53,927.2,0.0699,0.0593,0.0617,0.0326,0.2197,0.0546,1
13.85,21.61,91.18,548.7,0.0994,0.1061,0.2135,0.0129,0.1822,0.0615,0
11.38,19.36,69.27,413.3,0.108,0.0499,0.1007,0.0934,0.2128,0.0584,1
19.02,24.03,116.7,1250.0,0.0952,0.0889,0.2663,0.0991,0.2381,0.0605,1
9.58,15.22,62.05,304.8,0.0917,0.0815,0.0554,0.0885,0.1511,0.0599,0
15.34,16.81,90.49,683.2,0.1182,0.0991,0.0552,0.1113,0.2207,0.0618,1
11.95,25.72,69.12,464.7,0.0678,0.224,0.1789,0.0519,0.2062,0.0724,1
15.06,16.14,89.75,747.5,0.1061,0.1707,0.0,0.0623,0.1211,0.0539,1
13.12,29.84,76.24,542.3,0.107,0.0981,0.1497,0.0728,0.1759,0.0587,0
13.47,23.46,82.13,522.0,0.0852,0.0933,0.0807,0.032,0.2001,0.0678,1
14.3,15.77,97.71,582.6,0.0636,0.0673,0.0969,0.0073,0.1901,0.0623,0
10.74,21.82,62.36,394.1,0.1066,0.0501,0.0615,0.0535,0.2258,0.0552,0
17.7,20.57,118.29,936.5,0.1005,0.0963,0.1346,0.0303,0.1969,0.0614,1
16.43,13.04,103.95,827.5,0.1159,0.1733,0.0,0.1304,0.1424,0.0514,1
10.64,25.94,68.63,376.7,0.0881,0.019,0.0293,0.0,0.2024,0.0692,1
19.04,22.83,111.74,1182.0,0.0984,0.1571,0.2428,0.0458,0.1501,0.0628,1
16.76,25.65,97.96,965.2,0.0725,0.1637,0.0931,0.059,0.1661,0.0774,1
14.46,23.8,84.73,603.4,0.1061,0.019,0.0,0.0165,0.2107,0.0542,0
9.13,20.8,59.28,272.7,0.0746,0.1059,0.0929,0.0306,0.2076,0.0573,0
11.84,23.94,78.08,403.6,0.0955,0.0813,0.147,0.0503,0.182,0.0632,1
7.49,13.56,51.02,158.6,0.0814,0.0953,0.0957,0.0039,0.1614,0.0712,0
14.73,27.83,90.67,629.9,0.1007,0.1151,0.0791,0.0635,0.1756,0.0586,1
17.06,22.5,106.38,935.7,0.0934,0.1205,0.0414,0.108,0.178,0.0571,1
11.57,10.9,72.25,435.4,0.0928,0.0327,0.0,0.0336,0.1657,0.0625,0
14.12,12.87,84.64,618.6,0.0951,0.1886,0.0,0.0772,0.2117,0.0573,0
