age,blood_pressure,specific_gravity,albumin,blood_glucose_random,blood_urea,serum_creatinine,haemoglobin,packed_cell_volume,white_blood_cell_count,red_blood_cell_count,hypertension,outcome
77,120,1.025,0,137,1,0.4,11.4,26,4395,2.6,1,0
48,70,1.01,1,229,77,0.65,9.6,49,5931,5.8,0,0
42,110,1.005,4,124,89,0.4,10.6,45,5014,3.3,1,0
54,80,1.005,1,75,32,2.38,7.1,38,5214,4.5,0,0
73,110,1.005,3,83,1,6.14,9.1,54,11612,6.1,1,0
48,100,1.01,2,209,1,0.4,9.3,47,2742,5.3,1,0
35,80,1.025,1,25,106,1.76,15.0,29,7822,5.1,0,0
25,100,1.02,1,121,20,0.46,14.9,49,10950,4.6,1,0
30,70,1.015,0,78,39,0.4,17.8,41,7518,4.8,0,0
66,70,1.025,1,84,84,0.4,13.2,54,12313,4.1,0,0
46,110,1.005,1,182,41,3.19,11.1,47,6640,4.2,1,0
41,70,1.01,2,116,126,0.65,12.5,43,13560,4.8,0,0
39,60,1.01,0,166,38,7.82,12.0,42,3787,4.9,0,1
52,80,1.015,0,49,13,0.88,10.7,28,12318,4.5,0,0
47,100,1.02,2,213,116,0.4,13.4,34,5773,2.5,1,0
46,120,1.025,2,164,59,2.25,13.1,40,12659,6.3,1,0
74,110,1.025,5,245,3,3.92,12.3,26,7027,5.6,1,1
77,110,1.025,0,115,80,2.54,11.6,42,11657,4.5,1,0
24,70,1.02,0,183,42,2.05,14.3,32,12156,5.7,0,0
57,70,1.02,0,209,1,0.61,10.9,35,6704,4.3,0,0
38,100,1.02,2,181,61,0.4,11.3,45,11414,5.0,1,1
47,80,1.015,0,282,49,0.4,13.9,33,8323,2.8,0,0
56,80,1.01,4,22,1,0.89,15.4,42,4100,5.0,0,0
47,110,1.005,0,161,4,4.69,15.2,40,9902,4.4,1,0
55,100,1.02,3,115,150,1.92,11.7,29,5413,4.9,1,1
62,110,1.01,2,110,61,2.64,8.8,46,6483,6.4,1,0
56,120,1.02,3,265,124,0.49,11.7,47,5777,4.7,1,0
40,90,1.005,0,99,72,1.73,12.7,47,9519,4.2,1,0
40,80,1.02,1,215,118,2.98,9.3,54,5504,4.3,0,0
27,100,1.01,0,64,84,0.98,11.6,35,4795,3.3,1,0
36,120,1.015,0,228,9,0.84,16.0,21,5334,5.1,1,0
84,100,1.005,0,146,87,1.91,12.9,32,6316,5.2,1,0
38,110,1.01,2,125,9,1.23,10.9,47,9868,4.8,1,0
31,70,1.025,0,26,103,7.48,12.6,38,11082,5.6,0,1
56,100,1.025,4,125,67,0.83,12.7,26,11040,5.6,1,0
49,110,1.025,0,93,57,0.4,11.4,23,8303,4.8,1,0
48,60,1.015,0,286,35,0.96,14.7,51,8227,5.3,0,0
75,70,1.02,0,152,96,0.4,7.2,44,7865,6.9,0,0
60,70,1.02,2,100,49,1.24,13.9,34,9713,3.9,0,0
42,80,1.02,0,97,1,0.4,10.8,54,11702,5.5,0,0
44,90,1.015,3,40,1,4.49,15.5,54,7961,4.8,1,1
42,80,1.025,1,268,1,2.95,8.8,48,9974,5.7,0,0
66,60,1.02,4,247,96,0.4,15.2,45,4754,3.9,0,0
46,110,1.015,0,142,100,0.4,10.2,43,10916,4.9,1,0
21,70,1.015,0,320,73,1.08,13.4,46,9042,4.0,0,0
50,70,1.01,2,146,72,2.22,11.2,54,5366,2.9,0,0
25,120,1.02,3,234,129,0.4,15.8,30,11553,6.1,1,0
88,100,1.025,0,192,74,0.4,11.9,35,4751,4.3,1,0
35,90,1.005,3,102,88,1.18,10.4,38,2200,3.9,1,0
48,90,1.015,0,162,56,1.76,16.6,43,10898,4.1,1,0
55,100,1.01,2,177,33,0.42,11.7,52,9540,6.5,1,0
46,60,1.005,0,44,42,2.02,14.0,42,4840,6.0,0,0
46,90,1.015,0,170,159,4.51,15.2,44,9452,4.5,1,1
58,70,1.01,0,238,2,0.4,9.9,44,11850,5.6,0,0
77,60,1.02,3,93,72,1.07,13.7,39,9174,3.6,0,0
64,80,1.01,5,131,1,0.4,14.1,35,15585,5.2,0,0
76,80,1.015,0,60,26,0.4,8.0,39,5900,4.3,0,0
33,60,1.02,3,109,95,0.4,13.4,32,2200,5.1,0,0
56,70,1.025,1,115,1,0.78,11.5,33,4252,3.3,0,0
54,120,1.01,2,272,102,2.58,17.2,42,2200,4.1,1,0
57,80,1.005,0,122,159,1.29,15.0,34,14702,4.9,0,0
74,110,1.02,1,106,75,0.4,13.8,54,8391,4.9,1,0
47,70,1.02,0,140,120,0.4,6.6,40,14114,3.2,0,0
44,100,1.025,0,22,69,1.21,13.8,50,7362,3.7,1,1
60,90,1.01,1,22,92,0.4,10.3,27,5741,5.1,1,0
21,120,1.005,3,38,79,0.63,15.0,27,3312,5.0,1,0
47,120,1.025,1,173,31,1.07,12.0,37,7237,5.4,1,0
49,60,1.01,4,147,27,3.51,11.0,47,10891,4.9,0,1
35,90,1.005,3,216,116,0.4,11.2,34,7744,3.6,1,1
69,100,1.005,0,27,54,1.66,11.4,37,3702,4.3,1,0
33,80,1.015,0,131,49,0.4,8.6,47,10328,5.2,0,0
49,120,1.005,2,22,48,1.49,9.0,35,10875,3.7,1,0
56,110,1.01,4,169,72,1.2,11.5,32,6846,3.6,1,0
74,70,1.025,5,39,1,2.51,17.0,45,6477,4.4,0,0
51,120,1.025,2,128,47,1.14,14.6,27,3373,5.0,1,0
67,120,1.015,1,164,72,0.65,14.8,35,10255,2.9,1,0
63,70,1.01,2,117,1,0.42,16.0,39,7044,4.5,0,0
53,100,1.005,0,22,67,0.4,13.3,43,2200,5.2,1,0
32,60,1.015,0,279,12,1.15,11.2,46,4033,5.4,0,1
27,120,1.02,2,108,72,3.29,11.3,47,10061,3.7,1,0
53,120,1.01,3,22,164,1.08,10.1,36,7399,5.1,1,1
42,90,1.015,5,208,50,2.02,14.9,47,5063,5.7,1,0
67,110,1.025,0,211,3,0.53,9.8,43,8564,5.3,1,0
64,80,1.015,2,124,68,0.89,17.8,45,5932,4.3,0,0
48,60,1.02,3,269,80,0.59,9.9,33,6513,2.3,0,1
31,110,1.01,1,89,10,0.4,16.0,44,7612,4.9,1,0
60,110,1.015,0,161,1,0.81,16.1,37,13368,6.3,1,0
34,100,1.005,1,188,10,2.17,14.3,39,13354,5.5,1,0
38,100,1.01,1,267,54,0.75,17.2,40,2602,5.5,1,0
34,70,1.015,1,22,34,1.58,11.9,54,8215,4.9,0,0
49,80,1.015,1,329,110,2.13,12.9,30,4130,5.6,0,0
71,60,1.01,3,240,82,0.58,13.2,49,5275,5.0,0,0
51,70,1.025,0,183,62,2.4,14.2,51,2933,3.0,0,1
43,120,1.005,0,84,1,0.62,7.2,46,5851,5.6,1,0
25,80,1.01,1,78,88,0.44,12.2,34,4893,3.8,0,0
60,90,1.005,0,170,155,0.4,15.0,53,11425,4.8,1,1
38,90,1.005,5,187,100,0.4,11.4,35,5927,5.4,1,0
53,70,1.01,0,176,24,2.0,17.8,44,2677,4.0,0,0
45,60,1.015,0,160,50,3.28,12.9,39,8397,3.7,0,0
65,80,1.025,3,182,79,0.4,14.0,35,7885,5.2,0,0
48,90,1.005,0,22,126,0.4,17.0,43,7630,3.6,1,0
50,90,1.005,3,126,21,0.56,12.9,54,10201,4.5,1,0
59,60,1.015,1,38,33,1.61,17.0,41,12032,5.8,0,0
87,70,1.01,0,144,54,0.69,14.2,54,7587,6.3,0,0
66,100,1.025,4,251,50,1.2,14.2,37,9188,2.9,1,0
49,120,1.005,0,76,96,2.05,9.9,39,7662,4.5,1,0
51,110,1.005,1,91,70,0.79,15.7,27,9897,6.0,1,0
42,120,1.01,0,80,1,12.14,10.7,33,4079,4.3,1,1
35,80,1.015,0,91,24,0.53,12.0,36,10223,5.5,0,0
42,90,1.02,3,191,25,5.74,16.2,35,9239,5.6,1,1
38,110,1.015,2,210,1,0.4,11.4,30,5581,4.1,1,0
62,110,1.005,0,264,103,0.4,13.5,32,14907,5.1,1,0
33,100,1.005,1,68,63,2.08,12.3,36,4403,5.2,1,0
74,110,1.025,2,202,29,1.82,12.4,49,9376,5.6,1,0
64,60,1.015,3,215,102,2.5,12.1,25,5587,3.1,0,0
51,70,1.02,0,278,72,0.63,9.5,20,10107,6.0,0,0
51,80,1.025,3,74,1,4.01,14.1,23,14292,5.4,0,1
42,60,1.02,1,22,87,0.4,14.3,31,10689,3.6,0,0
56,70,1.025,2,126,125,0.4,10.8,44,8064,4.6,0,0
69,60,1.015,5,369,50,0.54,11.2,35,11139,5.5,0,1
39,90,1.005,0,61,53,2.39,15.1,35,6667,3.6,1,0
25,90,1.02,0,186,62,1.68,11.7,35,9845,3.8,1,1
63,100,1.015,0,22,1,0.86,12.8,22,8664,4.7,1,0
57,60,1.02,0,291,64,0.44,9.9,46,4824,4.3,0,0
32,120,1.015,0,22,12,0.4,12.3,50,13436,5.0,1,0
39,110,1.025,2,22,56,0.62,10.0,35,12067,5.5,1,0
36,90,1.015,0,155,65,0.92,10.7,39,5885,5.0,1,0
39,70,1.025,0,157,83,1.74,10.3,39,11425,4.7,0,0
45,100,1.005,0,260,85,1.56,15.0,29,4939,5.5,1,0
46,110,1.025,0,215,10,4.42,8.6,34,9768,4.6,1,0
40,80,1.01,0,22,66,0.4,13.3,54,8545,4.0,0,0
38,60,1.005,1,136,104,0.61,11.9,38,13347,5.9,0,0
47,120,1.015,0,92,1,0.99,16.5,40,9383,2.3,1,0
54,90,1.015,5,42,144,1.67,14.8,32,3857,4.8,1,1
46,120,1.01,0,182,8,1.03,8.9,34,11406,4.3,1,0
71,110,1.015,4,230,138,3.66,10.9,44,7108,3.8,1,1
60,70,1.005,0,84,9,1.41,12.5,31,6970,5.0,0,0
24,60,1.005,2,121,54,0.4,10.9,53,8491,5.2,0,0
60,120,1.025,1,126,47,0.4,15.1,24,6714,3.9,1,0
61,70,1.02,3,95,1,2.1,13.0,33,13689,3.3,0,0
44,100,1.015,1,114,91,1.89,11.9,25,10776,3.4,1,0
26,90,1.01,5,95,94,0.4,15.3,50,5038,6.5,1,1
51,90,1.005,1,157,87,0.4,9.1,38,6264,6.6,1,0
51,100,1.005,2,101,44,1.3,11.7,36,4550,4.7,1,0
32,70,1.005,3,181,21,1.51,13.2,42,11254,3.3,0,0
26,120,1.02,2,101,111,0.4,12.1,51,8209,4.6,1,0
50,60,1.02,1,199,67,0.96,3.5,40,5530,2.5,0,1
47,70,1.015,0,99,19,0.55,13.5,48,13033,5.0,0,0
44,60,1.01,3,195,67,4.02,14.0,36,9892,3.7,0,0
50,110,1.02,0,80,1,0.4,9.6,30,8952,3.5,1,0
32,100,1.025,1,217,62,1.98,6.2,40,8813,5.7,1,0
44,80,1.02,0,22,89,1.1,10.5,32,4408,4.5,0,0
60,60,1.005,0,147,48,0.4,11.9,44,10052,5.6,0,0
45,90,1.01,2,103,92,1.09,12.2,35,7172,5.9,1,0
23,110,1.015,1,144,97,0.4,6.8,38,10969,4.6,1,1
43,90,1.02,0,54,70,1.61,13.1,18,10287,4.7,1,0
33,110,1.005,0,132,145,1.25,15.5,37,8226,5.8,1,1
56,90,1.025,0,60,124,0.4,15.3,36,8017,4.2,1,0
56,70,1.025,2,129,88,0.4,16.0,49,13289,5.9,0,0
23,120,1.015,0,121,74,2.25,9.0,46,4470,2.7,1,0
64,70,1.015,1,174,44,0.48,15.0,39,6717,4.3,0,0
32,70,1.02,1,153,24,1.04,9.8,24,11751,4.9,0,1
78,120,1.015,5,296,96,0.56,14.8,34,12778,3.5,1,0
50,110,1.005,0,107,47,3.82,10.4,49,8000,5.1,1,0
30,110,1.005,0,137,6,1.15,13.5,37,6347,4.9,1,0
32,120,1.005,1,399,16,1.79,17.0,29,6406,4.0,1,1
57,90,1.02,1,130,23,0.4,15.2,49,4183,3.9,1,0
44,60,1.02,0,223,144,0.4,9.8,24,14299,3.8,0,0
49,110,1.015,3,193,99,0.45,9.2,37,7970,3.1,1,0
78,90,1.02,0,332,58,0.55,14.8,43,9774,6.3,1,0
39,60,1.005,0,34,77,1.75,16.3,39,9804,4.5,0,0
52,120,1.01,0,25,83,1.26,13.7,27,12774,3.3,1,0
75,70,1.005,3,59,13,0.7,11.0,30,7171,4.6,0,0
56,110,1.01,0,161,1,1.59,12.6,32,7379,4.9,1,0
24,80,1.015,0,68,109,0.4,13.8,45,10852,3.9,0,0
60,70,1.025,0,22,1,0.4,12.2,40,3121,4.3,0,0
31,100,1.02,1,74,56,2.89,9.8,35,12793,6.0,1,0
75,60,1.02,3,177,20,1.24,15.6,42,13523,3.5,0,0
37,80,1.005,0,76,68,1.57,17.8,32,9129,4.1,0,0
90,70,1.005,0,238,44,0.55,16.6,45,5645,2.7,0,0
76,110,1.01,0,59,83,0.7,6.2,42,10917,6.5,1,0
37,80,1.02,1,149,1,0.4,15.9,36,7843,5.4,0,0
51,90,1.015,0,117,113,2.92,14.2,37,8824,4.7,1,0
64,60,1.005,3,162,93,1.35,10.6,35,9049,4.0,0,0
64,100,1.02,0,170,107,0.4,6.8,47,6467,3.9,1,0
59,90,1.025,0,273,101,2.45,12.2,40,9428,4.4,1,0
72,80,1.01,0,202,72,0.88,13.6,36,4098,5.2,0,0
49,70,1.005,3,114,24,2.17,9.3,30,2200,3.6,0,0
45,60,1.005,2,196,78,0.4,16.1,44,9478,4.2,0,0
45,110,1.015,5,207,71,0.4,16.0,43,11478,5.6,1,0
66,100,1.005,0,309,100,0.4,13.9,34,6894,6.3,1,0
57,70,1.02,0,135,88,0.4,8.5,35,6728,5.2,0,0
56,100,1.02,1,141,61,2.17,11.7,37,10312,4.0,1,1
65,110,1.02,1,251,78,1.84,14.6,28,8345,4.5,1,0
16,120,1.025,1,22,83,1.44,14.4,39,6739,5.1,1,0
56,60,1.025,0,131,111,3.24,10.5,24,9304,4.4,0,0
55,80,1.005,0,202,143,0.43,10.9,27,8424,5.4,0,0
79,100,1.025,0,230,86,3.52,10.4,34,4728,4.0,1,0
25,60,1.025,2,22,83,3.6,11.7,33,8085,6.3,0,1
77,100,1.015,1,42,45,0.85,11.1,42,8944,4.6,1,0
52,70,1.025,3,22,39,0.4,10.6,41,6834,4.1,0,0
59,100,1.01,0,216,20,1.95,12.1,51,11131,5.3,1,0
79,120,1.01,3,164,1,0.62,12.6,39,9828,3.7,1,0
61,70,1.01,0,260,15,2.38,15.7,40,7590,4.8,0,0
58,70,1.005,0,150,48,0.4,7.3,28,8799,6.1,0,0
55,60,1.02,5,325,41,1.16,16.0,28,7297,3.5,0,0
43,90,1.015,1,73,79,1.06,10.3,39,7745,5.9,1,0
51,110,1.005,1,118,16,0.4,17.8,39,7853,3.4,1,0
39,100,1.02,2,180,18,0.68,14.5,41,3194,5.5,1,0
50,80,1.015,0,91,1,0.4,14.1,50,8486,3.8,0,0
11,70,1.015,2,180,80,0.94,12.2,28,9343,5.9,0,0
58,90,1.015,3,139,12,2.78,17.8,53,15652,4.1,1,0
49,70,1.01,0,134,21,0.47,12.4,25,9701,4.3,0,0
45,90,1.01,2,138,85,2.17,16.9,42,6483,3.8,1,0
55,90,1.01,2,203,12,0.4,10.8,27,3575,2.3,1,0
27,80,1.015,0,120,76,1.68,14.6,45,5296,3.6,0,0
84,90,1.015,0,59,1,3.71,17.8,25,6936,3.0,1,0
49,80,1.01,0,153,55,0.59,10.0,14,6988,2.7,0,0
49,60,1.015,1,97,26,3.46,13.9,40,7707,5.0,0,1
35,70,1.01,3,69,43,1.06,10.5,37,7221,6.2,0,0
51,80,1.01,1,22,132,0.57,13.7,48,7726,6.5,0,0
75,110,1.01,0,221,1,3.4,17.8,39,7162,3.5,1,0
69,120,1.02,1,200,128,0.4,9.8,32,8460,4.6,1,0
66,70,1.015,3,259,11,0.4,13.0,33,5746,5.9,0,0
60,120,1.005,0,148,100,1.37,10.1,54,4700,3.4,1,0
45,110,1.01,3,233,110,2.39,12.1,31,7705,5.9,1,1
26,100,1.005,2,73,78,2.09,14.3,43,9683,5.9,1,0
48,110,1.02,0,22,1,0.4,11.6,42,5111,2.8,1,0
47,60,1.015,0,88,70,4.5,17.1,43,6714,2.3,0,1
69,100,1.01,1,131,184,1.82,13.9,42,7975,4.3,1,0
56,100,1.01,2,176,57,4.47,8.7,36,7904,5.6,1,0
78,90,1.01,3,249,51,0.6,13.4,23,10622,3.2,1,1
71,110,1.005,1,173,47,1.78,16.7,40,11172,2.7,1,0
43,90,1.02,0,326,82,2.95,14.1,38,9059,4.8,1,0
20,110,1.015,0,157,52,0.72,13.3,39,11966,5.3,1,0
75,100,1.02,2,155,71,5.02,11.6,43,7319,4.0,1,1
74,90,1.01,0,174,42,0.46,12.2,35,10879,4.1,1,0
28,120,1.02,2,177,5,0.57,12.5,33,6601,5.3,1,0
77,70,1.005,0,176,173,3.79,5.4,46,9277,3.8,0,1
57,110,1.025,0,50,52,5.24,13.8,35,10302,3.9,1,1
54,110,1.025,0,215,216,0.5,15.4,34,8571,5.0,1,0
78,90,1.015,0,345,78,0.4,10.3,33,5565,5.1,1,0
74,110,1.015,1,78,86,2.13,13.2,44,3481,4.5,1,0
62,100,1.02,0,144,41,3.98,13.5,36,10045,6.2,1,0
59,90,1.015,4,39,27,1.38,14.8,54,7602,5.4,1,0
61,90,1.005,1,207,42,1.51,12.5,39,7808,4.3,1,0
44,80,1.01,0,207,15,2.16,14.1,28,12822,3.4,0,1
50,120,1.01,0,29,10,0.4,9.1,34,5620,5.7,1,0
36,120,1.02,1,44,146,5.44,9.6,44,10585,5.7,1,1
45,80,1.01,0,22,96,0.68,13.8,33,6234,4.6,0,0
45,100,1.02,5,272,131,1.48,11.8,38,7884,5.0,1,0
40,70,1.015,1,81,113,0.95,7.9,47,5209,5.4,0,0
53,110,1.015,0,137,26,0.95,13.5,48,6213,6.3,1,0
45,60,1.005,1,119,1,1.82,8.8,34,9622,5.6,0,0
60,110,1.01,0,226,33,7.85,17.8,36,12215,5.1,1,1
23,60,1.005,0,200,61,1.61,6.2,39,9652,5.6,0,0
49,120,1.025,4,195,114,2.37,12.7,50,9306,5.9,1,1
53,100,1.005,0,83,54,0.4,9.3,29,15910,5.0,1,0
46,70,1.02,1,201,205,2.49,15.2,42,10056,5.6,0,1
48,70,1.02,5,221,35,0.53,11.3,39,5657,4.0,0,0
24,70,1.005,0,199,86,0.4,15.4,30,3450,5.7,0,0
57,80,1.015,0,46,27,0.4,14.7,49,9522,4.0,0,0
62,100,1.025,0,58,77,1.71,9.4,47,4265,3.7,1,0
59,60,1.005,0,285,50,9.06,10.4,52,5457,4.6,0,1
69,70,1.015,0,301,44,1.65,11.5,49,9298,3.4,0,0
54,100,1.005,3,142,26,0.46,12.3,38,11467,4.1,1,0
59,110,1.01,3,142,64,0.4,11.9,44,7564,5.1,1,0
54,60,1.02,2,160,98,1.12,14.6,41,4855,5.0,0,0
63,120,1.01,0,193,8,0.4,13.2,30,7974,5.3,1,0
24,80,1.01,3,34,54,0.76,10.7,27,7604,5.4,0,0
36,90,1.025,1,166,81,1.65,9.9,42,8752,5.1,1,0
78,60,1.015,0,66,91,5.15,10.1,39,4865,3.8,0,1
9,120,1.02,0,146,150,0.83,13.5,35,5941,5.6,1,0
49,120,1.01,0,78,85,0.4,11.9,37,11419,4.6,1,0
71,120,1.02,4,96,36,2.55,17.8,54,10647,4.9,1,0
49,110,1.015,1,162,28,2.05,12.5,19,11833,4.8,1,0
44,60,1.005,2,99,27,2.95,13.0,44,2958,6.3,0,0
53,60,1.01,2,61,25,0.4,7.3,46,5797,3.5,0,0
45,90,1.015,2,262,67,0.78,8.6,47,11323,4.4,1,0
52,70,1.02,0,62,78,5.99,9.2,26,10149,5.2,0,1
39,110,1.015,1,22,98,0.4,11.0,36,9605,4.7,1,0
70,120,1.005,3,192,90,1.67,8.2,35,7339,4.2,1,1
75,90,1.015,0,125,119,0.41,9.2,41,6580,2.8,1,1
49,60,1.02,5,145,23,1.04,14.4,28,8500,4.4,0,0
27,110,1.01,0,160,138,2.42,10.0,42,7085,5.1,1,0
42,80,1.01,0,248,25,1.01,12.4,30,9960,5.2,0,0
48,60,1.025,1,295,74,2.46,14.2,36,8515,4.5,0,0
60,80,1.02,3,168,47,0.83,15.2,50,5546,4.9,0,0
34,100,1.025,0,55,55,11.01,13.3,46,10275,3.6,1,1
38,80,1.025,1,159,90,0.86,13.5,39,12098,5.1,0,0
60,60,1.005,0,194,1,0.4,15.3,26,12295,4.7,0,0
67,90,1.02,1,227,15,0.77,13.7,41,10388,4.9,1,0
40,60,1.01,0,158,94,2.04,15.5,42,10428,4.5,0,0
28,60,1.02,0,103,56,2.83,6.3,20,4987,4.9,0,0
90,100,1.005,0,76,44,0.92,12.3,41,6429,5.3,1,0
64,120,1.02,0,138,1,1.35,12.7,29,7910,5.0,1,0
46,70,1.02,0,29,44,2.8,12.2,25,10150,2.9,0,1
66,60,1.025,1,179,91,2.52,12.9,28,6638,5.0,0,1
49,100,1.02,0,162,28,1.61,11.3,19,7502,4.3,1,0
66,90,1.025,0,161,125,2.53,14.8,35,10053,4.0,1,0
54,100,1.025,0,204,110,1.29,10.9,29,8809,6.0,1,0
53,100,1.015,0,262,39,0.4,11.9,48,9388,3.8,1,0
49,80,1.005,0,142,27,0.4,16.7,35,6115,3.9,0,0
26,70,1.025,0,154,1,5.85,16.3,32,7462,2.5,0,1
84,70,1.02,0,118,3,0.4,13.0,24,7023,6.1,0,0
35,110,1.025,0,191,1,0.78,10.7,34,8403,5.6,1,0
28,120,1.025,1,147,1,4.07,7.8,50,7130,4.4,1,0
47,90,1.025,2,239,55,0.4,12.1,52,6731,5.3,1,0
35,110,1.01,0,237,72,2.78,14.0,35,8774,2.5,1,0
50,120,1.01,0,172,147,2.56,10.4,38,14578,5.2,1,0
63,120,1.01,0,141,60,6.44,12.5,45,10124,3.8,1,0
68,100,1.01,0,126,1,0.5,11.5,29,3165,6.4,1,0
65,90,1.015,0,185,19,0.57,7.5,42,9440,5.1,1,0
46,120,1.025,2,186,87,3.5,12.8,54,6890,4.8,1,1
52,90,1.015,0,126,52,0.4,13.8,45,5635,3.9,1,0
58,70,1.02,5,170,99,1.19,13.0,45,10478,3.9,0,0
21,70,1.005,0,86,31,1.84,17.2,50,8633,5.3,0,0
61,70,1.015,2,183,114,0.48,11.6,46,15725,3.9,0,0
26,60,1.01,2,93,69,4.18,11.3,36,8069,3.8,0,0
86,100,1.01,0,208,70,1.64,17.8,28,7739,6.1,1,0
44,90,1.02,0,122,64,0.4,8.9,37,11930,5.0,1,0
48,100,1.025,1,280,18,0.4,10.7,30,8470,3.6,1,0
38,120,1.005,3,151,54,0.4,13.5,36,5293,5.3,1,0
40,90,1.015,0,166,71,0.42,15.8,31,5813,4.4,1,0
90,90,1.025,0,37,1,1.97,15.2,35,7439,2.9,1,0
67,110,1.025,0,259,60,0.4,9.5,25,10342,4.2,1,0
25,90,1.015,0,145,117,0.65,17.2,32,12151,3.7,1,0
77,90,1.015,4,285,78,3.64,13.8,42,10766,5.0,1,1
71,80,1.015,2,151,125,1.22,10.1,44,10078,4.0,0,1
46,80,1.015,0,131,77,0.46,10.4,42,11635,4.8,0,1
56,110,1.01,0,107,12,4.72,12.7,35,10234,5.4,1,0
51,60,1.025,0,198,96,0.42,17.8,39,5746,7.1,0,0
85,70,1.025,3,189,1,3.53,13.1,54,7756,6.7,0,0
37,120,1.01,4,42,46,1.94,17.8,32,6889,4.9,1,0
53,120,1.025,0,103,43,2.02,15.0,53,12122,4.6,1,0
44,90,1.015,0,205,23,2.17,8.8,25,5595,4.1,1,0
27,100,1.005,4,97,175,1.06,16.6,23,5652,3.1,1,0
88,120,1.025,0,83,53,2.53,9.8,37,8906,2.4,1,0
31,80,1.005,0,163,147,2.71,10.7,38,14085,3.9,0,0
55,70,1.005,0,154,74,0.67,13.3,28,10569,6.3,0,0
21,60,1.01,0,111,15,0.77,12.4,35,11472,6.3,0,0
44,70,1.02,0,287,36,3.29,15.1,42,5147,4.8,0,0
58,90,1.025,5,136,55,1.12,14.0,30,10374,5.2,1,0
37,70,1.01,1,48,39,3.03,12.2,47,5134,4.1,0,0
61,90,1.01,0,22,43,1.48,17.4,48,10557,4.7,1,0
46,110,1.005,0,228,85,1.35,11.1,49,3781,3.9,1,0
71,80,1.025,2,61,75,0.4,9.6,30,7407,3.9,0,0
74,80,1.01,0,150,91,0.49,13.8,31,2361,5.3,0,0
41,90,1.015,0,78,133,1.05,12.4,37,5801,4.1,1,0
52,100,1.01,0,139,33,1.33,13.2,36,4211,5.2,1,0
54,80,1.015,2,175,112,1.49,14.6,35,10323,4.6,0,0
62,100,1.02,0,40,126,1.89,12.0,45,8683,6.1,1,0
51,90,1.015,0,111,121,1.6,17.8,44,7029,5.3,1,0
54,110,1.015,0,94,1,2.83,13.3,31,8750,4.9,1,0
47,90,1.005,0,71,146,0.53,11.2,28,5959,3.3,1,0
53,110,1.01,5,118,25,1.54,14.2,27,9353,4.2,1,0
73,120,1.02,1,98,1,0.4,12.3,30,8177,4.6,1,0
62,80,1.01,0,216,145,0.98,12.8,46,15120,4.8,0,0
63,100,1.015,0,91,82,0.47,9.3,40,13215,5.4,1,0
63,90,1.015,1,183,84,0.72,9.6,47,11175,4.9,1,0
48,120,1.01,0,180,40,0.66,15.6,23,9266,3.7,1,0
56,80,1.02,2,29,66,0.4,8.9,41,9643,5.3,0,0
33,120,1.02,1,108,50,0.94,12.1,41,12059,4.2,1,0
73,110,1.005,0,139,25,7.84,13.4,49,9254,4.1,1,0
4,90,1.015,5,168,58,0.53,16.6,35,9435,3.6,1,0
50,120,1.015,0,129,62,2.0,11.1,34,6708,4.3,1,0
70,120,1.005,0,230,1,1.19,14.7,52,6382,4.1,1,0
28,110,1.01,2,156,59,0.59,12.2,37,8090,5.9,1,1
58,70,1.015,3,183,1,0.4,6.2,40,2200,4.4,0,0
39,110,1.01,1,101,153,0.4,12.6,43,8320,5.2,1,0
45,70,1.02,2,184,51,2.28,12.3,23,7693,2.9,0,1
67,80,1.025,0,300,3,0.49,13.7,39,10993,5.4,0,0
54,90,1.005,0,189,82,0.4,10.6,27,12011,5.3,1,0
16,120,1.015,0,235,19,0.6,10.9,38,15976,3.2,1,0
34,80,1.005,2,124,55,1.32,16.0,36,10112,3.8,0,0
68,60,1.02,0,221,79,1.82,11.5,34,8853,4.0,0,0
59,110,1.02,0,227,6,0.73,7.0,44,6739,4.5,1,0
81,80,1.02,4,167,154,1.03,13.9,39,5317,4.0,0,0
80,80,1.02,0,142,159,0.91,15.0,29,11097,4.5,0,0
45,120,1.025,0,29,30,0.4,15.0,29,8325,5.4,1,0
90,70,1.01,0,145,1,0.76,10.7,46,9656,4.1,0,0
51,110,1.01,0,192,30,1.33,12.5,38,8460,5.0,1,0
35,70,1.025,0,87,33,1.27,14.0,26,8537,4.9,0,0
40,90,1.01,0,47,112,2.08,15.3,35,9051,2.1,1,0
13,80,1.02,0,156,31,1.66,14.0,37,9648,3.9,0,0
78,110,1.01,0,166,1,0.49,14.7,27,11175,5.7,1,0
78,80,1.005,0,41,62,0.44,10.4,33,4778,3.8,0,1
34,90,1.01,0,151,1,0.94,5.9,46,10131,3.6,1,0
47,100,1.005,0,170,110,1.98,15.6,54,4613,5.7,1,0
53,90,1.015,0,252,86,0.4,9.8,41,10470,4.9,1,0
35,70,1.005,0,110,27,4.44,12.0,26,9348,6.2,0,1
21,70,1.005,3,312,32,1.18,14.8,36,8180,4.2,0,0
47,80,1.02,3,152,69,0.55,12.6,39,8295,5.9,0,0
46,70,1.02,0,53,1,1.77,14.5,45,8809,3.8,0,0
44,110,1.02,0,121,17,0.4,17.8,46,11617,2.1,1,0
55,90,1.005,1,60,45,0.99,14.1,50,11357,5.4,1,0
75,80,1.025,1,134,1,1.0,10.4,38,11012,5.3,0,0
46,90,1.02,5,185,34,0.4,8.3,38,4442,5.4,1,0
54,90,1.02,0,169,3,2.72,14.5,21,10102,4.5,1,0
63,80,1.005,1,58,128,2.39,12.7,29,2200,6.2,0,0
