age,gender,total_bilirubin,direct_bilirubin,alkaline_phosphotase,alamine_aminotransferase,aspartate_aminotransferase,total_proteins,albumin,albumin_and_globulin_ratio,outcome
16,1,1.6,0.6,188,36,10,4.4,2.8,1.75,0
75,1,1.7,1.2,568,225,20,7.7,4.3,1.26,0
38,1,0.9,0.4,63,118,59,7.6,2.4,0.46,0
41,1,6.7,2.7,909,341,10,7.8,2.5,0.47,1
51,1,0.8,0.5,683,277,10,7.7,2.7,0.54,0
43,1,0.9,0.6,149,25,271,6.8,3.4,1.0,0
60,1,0.7,0.3,426,32,663,6.2,2.4,0.63,1
28,0,0.4,0.3,279,10,10,5.8,2.1,0.57,0
63,1,1.1,0.4,370,101,769,7.1,2.4,0.51,1
55,1,2.9,1.0,257,199,10,6.5,2.8,0.76,1
32,1,3.4,2.1,416,68,458,6.3,3.2,1.03,1
48,0,4.2,2.6,63,334,232,5.9,2.5,0.74,1
64,0,0.6,0.3,819,106,165,6.1,2.1,0.52,0
53,1,0.4,0.1,63,307,10,7.4,3.4,0.85,1
47,1,9.2,3.5,423,50,113,6.5,4.5,2.25,0
54,1,0.4,0.2,125,10,10,7.8,2.8,0.56,1
56,1,8.1,5.6,252,10,381,5.0,3.8,2.8,1
36,0,4.4,1.8,401,74,430,7.2,3.1,0.76,0
47,1,6.1,3.8,313,10,10,5.4,3.6,2.0,0
58,1,1.2,0.5,321,10,10,7.8,3.8,0.95,0
46,1,0.5,0.3,200,10,14,7.9,3.1,0.65,0
33,1,2.3,0.8,122,264,681,4.9,2.3,0.88,1
49,1,3.4,1.8,450,150,175,5.7,2.1,0.58,0
38,1,0.4,0.2,83,130,441,5.7,4.0,2.35,1
54,0,4.0,2.7,132,110,10,7.9,3.6,0.84,0
67,1,0.6,0.2,135,10,10,5.8,3.9,2.05,0
55,1,1.7,0.8,209,224,19,7.3,3.6,0.97,0
31,1,4.9,3.1,63,10,10,5.8,4.0,2.22,0
49,1,0.5,0.2,63,10,157,7.7,3.3,0.75,0
4,1,0.7,0.3,421,43,10,7.8,1.9,0.32,0
43,1,0.4,0.2,424,103,382,8.3,3.3,0.66,0
59,1,0.4,0.3,365,10,134,6.3,4.5,2.5,0
51,1,0.4,0.2,622,10,535,6.5,3.4,1.1,0
46,1,0.6,0.2,76,187,10,6.3,2.1,0.5,0
79,1,0.8,0.4,63,10,10,6.5,3.7,1.32,1
17,0,4.2,2.9,480,206,10,6.0,4.8,2.8,1
20,0,6.2,2.0,63,317,242,7.7,2.7,0.54,1
52,1,1.3,0.6,256,10,10,5.7,3.4,1.48,0
59,1,0.4,0.2,357,118,605,6.3,3.5,1.25,1
59,1,0.6,0.2,788,125,55,6.7,3.3,0.97,1
35,1,3.3,1.4,157,215,10,7.0,3.7,1.12,1
31,1,2.8,1.9,175,10,62,5.2,2.8,1.17,0
28,0,8.5,2.7,449,90,15,6.2,3.6,1.38,0
49,1,0.4,0.2,435,213,376,6.5,4.0,1.6,1
28,1,3.5,2.2,206,159,10,7.4,2.9,0.64,0
62,1,1.8,0.7,334,363,10,6.3,3.7,1.42,1
44,1,5.8,2.2,111,10,160,6.4,2.8,0.78,1
33,1,2.1,1.4,398,117,10,6.7,2.0,0.43,0
33,0,1.5,0.9,63,64,10,7.7,2.0,0.35,0
19,1,2.7,0.9,993,42,115,4.2,3.5,2.8,0
31,1,4.5,1.7,464,187,70,6.6,1.6,0.32,1
35,1,0.8,0.4,63,101,45,7.8,3.2,0.7,0
51,0,0.4,0.2,225,10,184,5.6,2.5,0.81,0
43,1,1.4,0.7,63,253,10,5.7,1.3,0.3,0
30,1,0.6,0.4,91,187,142,7.8,3.6,0.86,0
24,1,1.4,0.7,341,348,10,6.1,2.0,0.49,1
40,0,11.8,7.7,626,212,345,6.1,4.9,2.8,0
11,0,2.1,1.2,265,41,102,6.8,4.4,1.83,0
39,1,3.0,1.0,63,42,612,3.2,3.0,2.8,1
62,1,2.8,1.7,141,268,10,4.5,1.5,0.5,1
41,1,4.3,2.2,157,10,211,7.1,3.3,0.87,0
47,1,7.2,2.8,311,10,434,6.2,4.6,2.8,1
45,0,2.7,1.1,255,120,263,6.3,3.9,1.62,0
22,1,1.6,0.8,63,10,149,5.8,4.0,2.22,0
73,1,1.0,0.5,66,143,205,6.2,4.3,2.26,0
38,1,1.1,0.8,63,165,255,7.8,2.1,0.37,1
44,1,1.0,0.6,507,35,194,6.6,4.0,1.54,0
34,0,1.0,0.4,221,336,104,7.7,4.7,1.57,1
63,1,3.0,1.8,63,285,321,6.3,2.6,0.7,1
21,1,2.2,0.7,79,10,84,6.5,2.8,0.76,0
65,1,0.6,0.2,574,199,10,6.9,4.3,1.65,0
39,1,8.7,3.3,145,259,701,7.1,4.2,1.45,0
36,1,1.4,0.8,125,95,361,5.6,2.4,0.75,0
34,1,2.1,0.8,248,10,10,6.5,2.1,0.48,0
74,1,3.0,1.3,344,10,38,5.8,3.0,1.07,1
18,0,2.4,1.0,255,10,10,8.2,1.9,0.3,0
36,0,0.9,0.4,537,10,10,4.6,2.4,1.09,1
23,0,4.0,2.7,255,246,358,7.1,2.6,0.58,1
15,1,0.4,0.3,453,33,13,5.6,4.0,2.5,0
65,1,2.1,1.2,337,174,660,5.3,4.2,2.8,0
44,0,0.8,0.4,63,309,10,6.2,4.0,1.82,0
25,1,2.4,1.4,722,118,100,7.9,2.4,0.44,0
58,1,0.6,0.4,569,294,10,5.8,3.0,1.07,0
38,1,3.7,2.2,152,16,203,4.5,2.7,1.5,0
34,1,0.6,0.2,263,150,237,5.5,3.3,1.5,0
54,1,5.5,2.3,438,117,367,6.6,3.7,1.28,1
37,1,4.9,2.1,333,10,10,4.7,2.7,1.35,0
29,1,1.1,0.5,315,23,233,7.3,2.3,0.46,0
55,1,1.2,0.5,412,337,10,4.8,4.4,2.8,0
42,1,3.0,1.8,375,17,136,6.0,4.0,2.0,0
56,1,0.4,0.2,376,10,10,7.4,3.4,0.85,0
38,1,0.4,0.1,312,16,10,5.9,2.2,0.59,0
61,1,0.4,0.2,444,10,317,5.0,3.8,2.8,0
44,1,2.1,1.2,340,162,34,6.4,3.0,0.88,1
61,1,0.4,0.1,346,191,355,6.0,1.3,0.3,1
61,1,0.8,0.3,622,145,376,7.8,2.7,0.53,0
64,1,2.6,1.6,394,10,486,7.4,3.5,0.9,0
45,1,0.4,0.2,369,90,10,7.1,2.9,0.69,1
50,0,0.5,0.3,74,22,10,6.5,3.5,1.17,0
40,1,6.6,4.2,87,10,454,6.3,3.5,1.25,1
30,1,2.7,1.8,566,59,138,6.3,2.2,0.54,1
77,0,0.9,0.3,428,559,497,4.6,3.6,2.8,1
32,1,0.4,0.1,512,10,10,6.5,3.7,1.32,0
59,1,2.2,0.9,337,10,307,5.6,3.1,1.24,0
56,1,0.6,0.2,386,339,121,6.4,3.1,0.94,1
47,0,8.1,4.0,254,161,97,6.6,3.1,0.89,0
42,1,2.9,1.8,283,134,16,6.0,4.3,2.53,0
42,0,9.1,6.2,189,14,10,7.5,3.4,0.83,0
34,1,4.7,3.1,612,121,300,5.3,3.2,1.52,0
46,1,1.6,0.8,117,89,10,6.0,3.5,1.4,0
25,1,2.8,1.6,364,318,169,6.1,3.5,1.35,0
56,1,4.2,1.6,252,246,665,7.8,3.0,0.62,0
40,0,2.2,1.0,520,189,10,6.5,2.0,0.44,1
29,1,0.4,0.3,345,10,23,6.5,3.2,0.97,1
24,1,1.6,0.5,401,121,62,7.5,3.6,0.92,0
42,0,0.4,0.2,340,10,10,5.9,3.3,1.27,0
43,1,3.1,2.0,63,303,10,7.5,2.7,0.56,0
36,1,2.9,1.0,423,10,309,6.9,2.9,0.72,0
52,1,12.4,8.6,265,55,490,7.9,3.9,0.97,1
50,0,2.5,0.8,105,10,146,6.1,1.8,0.42,0
45,1,4.0,2.6,63,10,322,6.2,2.5,0.68,0
29,1,0.8,0.4,92,10,59,6.7,3.2,0.91,0
32,0,1.0,0.4,474,52,51,6.4,3.9,1.56,0
22,0,6.2,2.3,716,10,10,7.3,4.6,1.7,0
41,1,3.5,2.0,318,301,10,6.3,3.8,1.52,0
53,1,2.7,1.8,63,45,465,5.3,2.6,0.96,0
25,1,0.7,0.4,390,10,10,8.0,1.7,0.3,0
35,1,3.0,2.0,550,220,284,8.6,4.6,1.15,1
43,1,5.4,3.4,754,473,10,4.8,2.4,1.0,1
53,1,0.7,0.2,595,10,122,7.0,3.2,0.84,1
20,1,3.1,1.8,344,35,108,7.3,3.0,0.7,1
80,0,1.3,0.5,429,10,10,6.8,3.0,0.79,0
56,1,0.4,0.2,115,200,10,8.2,2.2,0.37,0
34,0,3.6,1.2,482,253,10,5.0,4.5,2.8,0
27,1,0.5,0.2,516,71,113,5.9,2.4,0.69,0
49,1,0.7,0.4,63,10,10,6.6,3.2,0.94,0
52,1,3.8,1.5,324,177,92,7.5,2.7,0.56,1
28,1,3.4,1.9,650,214,296,7.8,3.6,0.86,0
26,1,0.7,0.5,127,362,105,5.2,2.9,1.26,1
30,0,7.1,2.1,63,10,10,4.5,2.8,1.65,0
45,1,0.6,0.4,283,235,10,7.4,4.0,1.18,1
45,1,12.6,7.0,550,99,456,6.6,2.8,0.74,1
79,1,3.3,1.1,386,10,154,6.7,4.2,1.68,0
9,0,1.2,0.7,296,357,352,7.4,2.1,0.4,1
33,0,0.4,0.2,65,134,380,5.6,2.9,1.07,0
36,1,1.0,0.4,63,190,10,6.2,2.4,0.63,0
52,0,0.5,0.2,334,252,10,7.1,3.1,0.77,0
53,0,2.4,1.2,275,188,295,5.5,2.0,0.57,0
41,1,1.1,0.5,496,10,10,5.9,3.6,1.56,0
69,1,0.9,0.4,396,202,10,6.6,3.7,1.28,0
26,1,3.5,1.3,110,170,138,7.1,4.3,1.54,0
33,1,0.7,0.4,351,10,36,4.9,3.8,2.8,0
23,1,2.2,1.4,311,383,10,7.2,3.8,1.12,0
42,0,0.5,0.3,63,11,10,7.0,3.6,1.06,1
39,1,3.1,1.2,188,261,399,5.6,2.9,1.07,1
57,1,2.5,0.8,304,18,85,9.0,4.4,0.96,0
74,1,4.0,2.6,262,10,320,5.5,3.5,1.75,0
68,1,0.4,0.1,366,65,10,7.3,5.1,2.32,0
24,0,0.6,0.2,308,466,10,6.8,4.5,1.96,0
45,1,0.4,0.2,372,446,316,6.0,3.4,1.31,0
57,1,0.5,0.3,330,10,482,6.6,3.4,1.06,0
55,1,0.4,0.2,284,307,10,7.1,3.8,1.15,0
82,0,2.1,0.7,328,84,402,9.6,4.4,0.85,1
41,0,2.3,1.3,202,447,10,4.9,1.9,0.63,1
45,1,4.6,2.6,189,289,10,3.5,4.1,0.3,0
81,1,1.4,0.8,313,130,277,5.4,3.4,1.7,0
51,1,1.9,0.7,63,94,10,6.5,4.0,1.6,0
35,0,11.9,7.4,200,190,10,7.2,2.5,0.53,0
28,1,1.9,0.9,119,167,10,6.6,2.5,0.61,1
48,1,2.1,1.1,89,10,10,6.3,3.4,1.17,0
61,1,13.8,7.2,213,117,10,8.2,3.9,0.91,0
61,1,12.8,5.3,63,10,280,5.6,2.1,0.6,0
30,1,1.4,0.6,214,10,247,8.3,2.8,0.51,1
46,1,2.5,0.8,345,282,247,7.2,2.1,0.41,1
37,0,1.6,0.7,544,117,456,8.1,3.4,0.72,1
42,0,3.2,1.6,822,10,388,5.5,4.7,2.8,0
59,1,7.0,4.2,63,10,10,6.1,2.8,0.85,0
43,1,0.9,0.3,63,10,303,4.9,3.7,2.8,0
55,1,4.3,2.9,214,69,429,6.8,3.2,0.89,1
55,1,2.7,1.1,323,386,343,6.9,3.4,0.97,1
34,1,0.8,0.4,378,10,365,8.7,2.6,0.43,0
64,0,4.0,1.3,142,133,65,6.6,3.6,1.2,0
26,1,1.4,0.8,63,154,10,4.8,2.9,1.53,0
24,1,0.4,0.2,540,302,41,7.5,4.5,1.5,0
36,1,12.6,8.5,411,102,10,5.5,2.7,0.96,1
28,0,1.4,0.6,462,154,397,5.1,3.9,2.8,1
54,0,1.9,0.8,238,295,162,7.3,4.7,1.81,1
86,1,4.1,2.4,374,10,346,5.7,4.1,2.56,0
62,0,8.1,4.7,63,223,10,5.8,2.4,0.71,1
31,0,5.2,3.5,63,10,10,8.0,2.3,0.4,0
28,0,1.9,0.7,579,91,10,7.1,3.5,0.97,0
60,0,2.0,1.2,297,36,10,7.2,3.1,0.76,0
25,1,0.8,0.3,742,10,195,5.0,3.5,2.33,0
28,1,1.6,0.8,63,256,10,7.3,4.1,1.28,1
50,1,7.3,2.5,907,267,10,6.2,3.2,1.07,1
35,1,3.2,1.8,942,274,10,6.0,2.6,0.76,0
46,1,0.4,0.2,133,149,10,6.9,3.3,0.92,0
39,1,0.4,0.1,180,10,278,6.5,4.3,1.95,0
44,1,6.4,2.7,592,20,10,4.9,3.1,1.72,0
58,1,4.7,2.2,153,263,10,7.5,4.8,1.78,0
54,1,1.7,0.7,225,260,261,7.7,3.8,0.97,0
59,1,2.4,0.8,112,297,305,5.9,3.7,1.68,1
55,1,0.9,0.4,119,137,10,7.2,2.7,0.6,0
56,1,3.9,2.4,318,46,194,7.5,3.0,0.67,1
44,1,2.3,1.0,223,10,344,4.4,3.5,2.8,0
21,1,3.0,1.3,63,237,10,5.9,3.1,1.11,1
42,1,1.2,0.8,638,61,10,4.1,4.1,2.8,0
49,1,1.4,0.4,677,10,10,7.2,3.3,0.85,0
45,1,0.6,0.4,413,218,237,7.0,2.6,0.59,1
51,1,7.4,3.6,320,338,162,5.8,3.4,1.42,1
78,1,7.3,4.9,63,237,127,6.3,2.8,0.8,1
36,1,4.3,2.0,178,202,10,6.1,3.7,1.54,0
38,0,6.9,4.0,553,249,359,4.3,2.7,1.69,0
64,1,2.7,0.9,434,10,10,7.9,4.6,1.39,0
46,1,0.7,0.5,400,393,32,6.8,1.9,0.39,0
52,1,3.6,1.6,410,10,165,6.3,2.9,0.85,1
35,1,1.0,0.5,547,10,677,6.3,3.3,1.1,0
32,1,1.5,0.5,510,10,10,7.3,2.8,0.62,0
25,0,0.8,0.5,456,15,10,4.8,1.3,0.37,1
47,1,1.4,0.8,205,353,10,5.5,4.7,2.8,0
28,1,2.8,0.9,697,178,443,6.7,3.8,1.31,0
26,1,0.4,0.1,172,10,151,7.7,2.2,0.4,0
55,1,0.4,0.2,79,10,217,3.8,2.3,1.53,0
34,1,2.9,1.1,153,533,341,7.6,2.0,0.36,1
25,1,3.8,1.6,63,144,433,5.7,3.1,1.19,1
23,1,2.0,1.4,431,10,10,6.2,4.4,2.44,0
59,1,0.5,0.3,286,10,259,6.5,2.9,0.81,1
42,1,1.4,0.9,563,10,440,5.3,2.8,1.12,0
38,0,3.5,1.7,63,10,168,5.1,4.0,2.8,0
47,1,2.9,1.7,341,97,10,6.7,3.4,1.03,0
45,1,0.4,0.2,227,281,10,8.6,3.1,0.56,1
36,1,8.7,3.8,206,192,239,5.5,3.8,2.23,1
39,0,0.6,0.3,63,293,10,5.5,1.8,0.49,1
56,1,0.6,0.3,300,182,10,5.2,3.6,2.25,1
58,1,1.5,1.0,104,10,10,6.3,4.2,2.0,0
31,1,1.0,0.5,657,157,189,5.4,2.2,0.69,0
65,1,10.3,6.4,441,165,277,5.4,2.9,1.16,1
77,1,0.4,0.2,527,58,10,6.7,1.6,0.31,1
39,1,0.9,0.4,63,24,10,4.9,2.8,1.33,1
39,1,1.2,0.6,504,53,344,8.3,2.7,0.48,1
30,1,1.7,0.7,481,10,303,5.2,4.6,2.8,0
33,1,0.4,0.1,191,10,244,7.7,2.8,0.57,0
49,1,0.4,0.2,244,542,217,8.7,3.4,0.64,1
82,1,0.7,0.5,63,10,10,7.8,4.3,1.23,0
56,1,2.0,0.8,215,10,57,7.7,1.4,0.3,0
39,0,3.7,2.5,426,10,130,7.4,3.3,0.8,0
37,1,2.9,1.1,128,163,10,6.7,2.3,0.52,1
33,1,2.1,1.1,298,182,219,7.8,2.3,0.42,1
61,1,1.3,0.6,906,10,143,6.2,2.5,0.68,1
40,1,5.1,1.8,63,97,70,7.5,2.8,0.6,1
52,1,1.5,0.5,370,10,371,7.7,2.4,0.45,1
40,1,0.9,0.4,63,114,79,7.1,2.9,0.69,1
79,1,2.5,0.8,63,26,298,6.2,4.0,1.82,0
36,1,2.9,1.0,483,10,10,7.0,3.6,1.06,0
33,1,1.3,0.5,191,10,350,6.1,5.4,2.8,0
36,1,0.4,0.1,677,10,283,5.9,3.3,1.27,0
51,0,0.4,0.1,427,39,731,7.4,3.7,1.0,0
67,1,4.7,2.5,99,66,570,6.7,4.2,1.68,1
51,1,0.4,0.3,77,10,378,7.4,2.2,0.42,1
56,1,2.2,0.8,464,18,10,6.7,4.2,1.68,0
53,0,0.5,0.2,63,33,10,7.1,2.4,0.51,0
17,1,0.6,0.4,63,10,10,8.0,3.5,0.78,0
44,1,0.8,0.2,63,10,255,6.3,3.9,1.62,0
39,1,0.4,0.2,440,10,481,6.1,1.6,0.36,1
42,1,0.5,0.2,94,112,10,7.0,2.8,0.67,1
31,1,2.6,1.0,377,306,10,3.7,3.1,2.8,0
58,0,1.7,0.6,63,88,118,7.3,2.2,0.43,0
45,1,4.0,1.6,63,291,10,5.6,3.4,1.54,1
45,1,0.4,0.2,464,39,10,8.3,4.5,1.18,0
42,1,5.5,1.9,251,147,467,7.4,2.4,0.48,1
34,0,14.1,9.8,125,92,316,7.5,4.1,1.21,0
15,1,0.4,0.2,172,518,347,7.5,3.5,0.87,1
49,1,8.6,5.8,173,52,10,6.0,2.1,0.54,0
46,1,0.7,0.3,782,222,10,6.2,2.8,0.82,0
53,1,2.9,1.1,354,116,10,4.6,3.3,2.54,0
45,0,0.9,0.5,323,284,10,8.1,4.4,1.19,0
27,1,1.8,0.6,107,195,239,5.1,3.8,2.8,0
31,1,1.8,1.1,480,142,324,6.5,2.6,0.67,1
66,1,1.1,0.5,63,10,10,7.8,3.5,0.81,0
49,0,3.2,1.9,415,10,276,8.2,0.9,0.3,1
57,0,2.3,0.9,416,10,275,6.2,3.9,1.69,1
59,1,1.8,1.0,536,26,10,4.6,2.5,1.19,1
28,1,10.2,5.5,63,100,10,6.8,2.3,0.51,0
39,1,7.0,4.2,562,10,10,6.9,2.9,0.72,0
55,0,7.8,3.3,375,10,377,7.0,2.1,0.43,1
31,1,5.3,3.6,107,266,319,6.2,3.0,0.94,1
38,1,0.7,0.5,63,161,273,6.3,4.0,1.74,0
36,1,1.1,0.7,191,90,10,5.7,1.6,0.39,0
32,1,0.7,0.4,335,308,502,6.7,3.1,0.86,1
42,1,10.7,5.0,63,10,161,7.4,3.0,0.68,1
36,1,0.4,0.1,84,56,251,6.8,3.6,1.12,1
38,0,1.1,0.7,63,109,607,6.5,3.0,0.86,0
49,1,0.6,0.4,184,10,299,7.7,3.9,1.03,1
60,0,0.6,0.2,63,10,74,6.8,4.2,1.61,0
57,1,0.7,0.3,815,239,10,6.5,4.0,1.6,0
47,1,2.6,1.7,499,131,10,6.6,2.6,0.65,0
71,1,0.4,0.1,63,193,10,5.2,4.7,2.8,0
55,0,2.1,0.8,63,10,355,5.3,2.2,0.71,0
57,1,4.3,3.0,63,231,10,6.4,3.7,1.37,1
42,0,3.6,2.3,253,10,400,5.7,4.1,2.56,0
38,1,0.4,0.3,719,124,340,6.5,4.8,2.8,0
50,0,6.2,2.2,579,440,10,7.4,4.0,1.18,1
59,1,3.7,1.4,337,235,161,7.3,2.5,0.52,1
47,1,0.4,0.2,218,141,274,6.9,3.9,1.3,1
34,0,3.3,1.7,423,325,135,7.4,3.0,0.68,1
23,1,3.3,1.4,357,10,463,7.6,4.0,1.11,0
19,1,1.7,1.1,394,169,10,7.6,3.3,0.77,0
45,1,0.4,0.3,337,10,254,7.6,4.3,1.3,0
57,1,2.2,0.9,397,14,10,5.2,3.2,1.6,0
7,1,3.6,1.3,63,369,10,4.4,3.9,2.8,0
34,1,0.8,0.3,260,129,10,5.6,2.7,0.93,0
32,1,2.7,1.3,346,336,10,6.0,4.1,2.16,1
50,1,1.1,0.4,184,61,115,7.5,1.4,0.3,1
33,1,2.1,1.0,63,302,10,6.4,3.7,1.37,1
24,1,1.2,0.6,291,89,10,6.0,3.4,1.31,1
34,1,0.9,0.6,1293,104,10,6.7,3.3,0.97,0
32,0,4.8,2.0,90,84,10,7.1,1.4,0.3,0
44,1,3.5,1.8,255,145,10,7.4,2.8,0.61,1
41,1,1.1,0.7,595,32,274,6.0,4.1,2.16,0
51,1,1.4,0.8,719,10,583,5.4,2.5,0.86,0
44,0,2.9,2.0,148,73,169,5.6,2.0,0.56,1
61,1,4.2,2.3,523,104,146,6.6,2.3,0.53,0
37,1,2.9,1.9,481,377,85,5.3,4.1,2.8,1
54,1,1.9,0.8,167,10,10,7.5,3.5,0.87,0
49,1,7.7,4.0,441,374,274,5.4,4.3,2.8,0
39,1,3.7,1.9,248,270,392,4.8,3.7,2.8,0
55,1,0.4,0.3,138,204,10,6.7,2.5,0.6,0
31,1,2.0,0.8,706,108,408,6.2,4.6,2.8,0
64,1,1.3,0.5,447,10,577,7.0,2.7,0.63,0
32,0,4.0,2.2,63,435,10,6.0,2.5,0.71,1
22,1,0.4,0.2,259,304,374,6.9,3.4,0.97,1
21,1,1.3,0.7,164,125,579,7.6,3.5,0.85,0
46,1,1.0,0.7,239,131,315,5.8,3.8,1.9,1
35,1,0.4,0.3,414,60,58,7.1,2.9,0.69,0
47,0,1.2,0.5,361,188,333,8.5,4.3,1.02,0
26,1,2.8,1.0,637,71,10,7.3,2.6,0.55,0
52,1,1.1,0.6,585,136,18,5.6,2.3,0.7,0
47,1,2.2,1.2,63,159,10,6.9,1.6,0.3,0
37,1,2.2,1.2,266,522,10,5.1,3.0,1.43,1
54,0,2.2,1.3,63,10,120,5.2,3.8,2.71,0
54,0,1.9,1.0,63,109,196,8.1,3.7,0.84,0
46,1,0.4,0.1,63,303,299,6.9,3.4,0.97,0
59,0,0.6,0.4,63,230,10,8.2,2.8,0.52,0
62,0,4.0,1.3,628,203,161,7.0,4.1,1.41,0
31,1,1.7,0.5,472,628,131,5.9,3.2,1.18,1
63,1,3.1,1.9,439,277,10,6.5,3.5,1.17,0
30,1,2.1,1.1,574,10,10,6.8,2.2,0.48,1
57,0,0.4,0.2,438,10,326,8.9,1.6,0.3,1
60,1,4.0,1.8,269,73,137,7.3,3.8,1.09,0
41,0,0.4,0.1,147,10,103,5.7,5.2,2.8,0
43,1,7.2,3.1,700,94,366,6.3,3.5,1.25,0
39,1,0.6,0.3,606,141,775,7.0,3.8,1.19,1
31,1,1.8,0.7,236,129,39,5.3,3.8,2.53,0
34,1,0.4,0.2,474,10,180,6.5,3.2,0.97,0
52,0,5.6,3.5,63,10,10,6.3,1.9,0.43,0
58,0,9.8,4.7,487,210,726,7.0,3.7,1.12,1
44,1,0.4,0.3,168,379,10,6.4,4.4,2.2,1
28,1,0.9,0.6,946,10,10,5.0,3.6,2.57,0
26,1,0.4,0.3,568,10,288,6.4,3.0,0.88,0
42,0,3.9,2.2,63,63,10,7.3,3.5,0.92,0
36,1,0.9,0.4,117,393,481,8.1,3.1,0.62,1
63,1,2.2,1.1,304,89,278,7.6,4.2,1.23,0
33,1,0.4,0.2,279,10,10,4.7,3.3,2.36,0
54,0,3.1,1.2,268,405,302,5.0,3.8,2.8,0
34,1,1.9,1.1,528,205,12,5.3,4.1,2.8,0
40,1,3.2,1.7,159,10,231,8.2,3.8,0.86,0
47,1,3.9,1.3,272,10,10,7.0,3.2,0.84,0
53,1,0.4,0.2,659,10,10,9.4,2.0,0.3,0
51,1,2.2,0.7,663,41,200,7.9,3.5,0.8,0
35,1,2.6,0.8,526,350,651,6.6,3.9,1.44,1
46,1,1.8,1.2,205,10,10,6.0,1.9,0.46,0
38,1,0.5,0.2,118,17,10,6.9,3.5,1.03,0
21,1,4.0,2.1,280,100,11,7.4,3.2,0.76,0
48,0,14.9,6.1,296,67,10,7.8,1.4,0.3,1
65,1,8.7,4.5,281,10,268,6.2,3.4,1.21,0
69,0,3.8,1.4,424,296,368,8.9,4.3,0.93,1
49,1,1.4,0.8,377,51,247,6.5,3.2,0.97,0
48,1,1.0,0.6,367,27,60,7.8,1.5,0.3,1
4,0,0.4,0.3,177,142,10,6.9,3.5,1.03,0
88,0,1.3,0.4,63,28,703,6.1,4.1,2.05,1
67,1,0.4,0.2,458,10,10,4.3,2.5,1.39,1
56,1,0.7,0.4,304,10,10,5.1,3.0,1.43,0
45,1,5.6,2.0,388,478,10,7.8,2.9,0.59,0
8,1,8.6,2.9,395,224,10,7.3,3.3,0.82,1
47,1,7.4,4.6,63,10,209,7.2,2.9,0.67,1
45,1,0.5,0.3,706,311,10,8.2,4.2,1.05,0
21,1,5.8,2.8,153,175,10,5.4,4.2,2.8,0
51,1,0.4,0.1,622,87,10,6.0,2.7,0.82,0
64,0,1.8,0.9,392,10,10,6.1,4.2,2.21,0
50,0,2.6,1.2,63,10,10,5.0,1.8,0.56,0
50,1,1.6,0.8,118,256,512,5.6,2.5,0.81,1
51,1,7.6,3.6,123,216,10,5.3,3.7,2.31,1
39,1,1.0,0.5,137,10,150,4.8,3.2,2.0,1
56,0,1.9,1.1,63,10,126,5.5,3.3,1.5,0
69,1,0.4,0.2,96,203,135,6.4,3.5,1.21,0
45,1,4.8,2.7,524,282,10,8.5,2.8,0.49,1
32,1,1.3,0.5,548,173,10,5.4,4.2,2.8,0
22,1,3.0,1.4,126,10,294,7.7,3.7,0.92,0
52,1,2.9,1.0,63,122,172,6.7,3.1,0.86,1
54,1,2.8,1.3,442,41,10,7.0,3.9,1.26,1
50,1,1.8,1.2,63,149,10,6.7,3.5,1.09,1
40,1,0.8,0.4,63,349,10,4.5,3.0,2.0,1
49,1,2.5,0.9,221,10,10,5.3,2.9,1.21,0
36,1,8.2,3.3,198,131,10,7.1,2.2,0.45,0
33,0,4.5,1.5,98,62,10,6.6,2.7,0.69,0
28,1,0.4,0.1,120,32,442,4.7,3.0,1.76,0
28,1,0.4,0.2,168,54,440,6.3,3.2,1.03,1
53,0,1.7,0.7,117,319,327,7.2,2.4,0.5,1
40,0,3.7,1.4,132,185,12,5.1,3.2,1.68,0
33,1,0.9,0.3,216,10,10,6.1,2.7,0.79,0
22,1,3.0,1.7,375,198,10,8.2,2.6,0.46,1
55,0,6.7,3.5,350,10,372,7.1,3.6,1.03,1
62,0,1.5,1.0,158,10,359,8.2,3.3,0.67,0
28,1,0.7,0.3,213,10,250,6.1,3.1,1.03,0
42,1,6.2,4.0,615,171,10,7.7,3.6,0.88,0
29,1,1.6,0.8,528,28,11,5.4,2.1,0.64,1
42,1,1.3,0.5,422,261,74,7.4,2.2,0.42,1
54,1,1.1,0.5,63,150,10,5.7,2.8,0.97,0
70,0,1.4,0.6,315,127,520,7.0,3.0,0.75,1
37,1,2.8,1.4,126,10,10,7.1,3.7,1.09,0
56,1,1.4,0.5,63,174,10,7.3,2.6,0.55,0
56,0,1.0,0.6,202,362,10,5.4,2.6,0.93,1
42,1,3.4,1.2,543,10,50,6.8,4.0,1.43,0
63,1,0.6,0.3,504,52,37,6.5,2.2,0.51,0
39,1,0.6,0.3,140,324,391,7.9,3.9,0.97,1
51,1,3.0,1.5,310,10,10,5.8,3.1,1.15,0
35,1,5.0,3.3,187,104,10,5.1,2.5,0.96,1
53,1,0.7,0.5,231,10,132,4.7,2.2,0.88,0
51,1,0.5,0.2,531,31,10,6.2,3.0,0.94,0
63,1,2.8,1.3,274,10,492,6.0,3.6,1.5,1
74,1,2.4,1.5,63,259,10,6.2,3.1,1.0,1
59,1,1.5,0.6,323,107,632,6.2,3.8,1.58,1
55,1,0.4,0.2,729,10,10,8.0,3.8,0.9,0
38,0,0.4,0.3,120,156,10,6.3,3.7,1.42,0
7,0,3.8,2.1,664,117,276,7.7,3.8,0.97,0
65,1,1.5,0.5,439,10,260,6.9,2.7,0.64,0
74,1,4.9,3.1,574,438,267,5.5,3.7,2.05,1
49,1,2.1,1.4,501,173,137,6.5,4.8,2.8,1
28,1,2.4,1.4,333,314,754,8.2,3.9,0.91,1
67,1,6.8,3.2,141,50,10,7.6,2.8,0.58,1
62,1,0.4,0.3,332,10,501,7.8,2.6,0.5,1
11,1,2.0,1.4,346,10,10,7.1,3.2,0.82,0
46,0,0.4,0.3,525,10,584,6.0,3.7,1.61,1
48,1,1.1,0.5,63,325,210,8.3,3.2,0.63,0
18,1,0.4,0.2,63,10,558,7.1,2.2,0.45,1
27,0,0.5,0.3,347,269,365,7.5,3.7,0.97,1
62,1,6.8,2.5,370,10,10,6.6,3.9,1.44,0
45,1,2.4,1.2,80,10,11,5.4,2.4,0.8,0
29,0,5.6,3.4,376,10,10,6.9,3.9,1.3,0
33,1,1.5,1.0,454,120,539,8.4,3.2,0.62,1
25,1,2.3,1.5,242,10,339,7.4,3.5,0.9,0
45,0,0.4,0.1,635,10,152,7.1,3.5,0.97,1
56,0,1.6,0.8,681,37,10,5.6,3.3,1.43,0
63,0,2.1,1.0,319,10,230,8.2,2.8,0.52,1
33,1,0.4,0.3,493,10,10,8.0,3.5,0.78,0
38,1,3.9,1.2,63,85,190,4.5,3.1,2.21,0
52,1,0.9,0.5,549,10,73,7.5,3.4,0.83,0
60,1,1.5,0.8,644,301,10,6.2,2.9,0.88,0
50,1,1.9,1.3,63,306,309,6.8,3.4,1.0,1
65,1,12.1,5.8,439,10,652,5.6,3.1,1.24,0
74,1,0.4,0.2,63,189,10,6.6,2.3,0.53,0
18,1,2.0,1.4,99,92,381,5.3,3.5,1.94,0
69,1,1.9,1.1,164,274,10,5.6,4.0,2.5,0
65,1,0.4,0.1,63,10,277,7.1,3.4,0.92,0
25,1,2.5,0.9,232,172,10,5.7,3.0,1.11,0
52,1,0.8,0.5,216,136,22,7.0,3.4,0.94,0
55,1,0.4,0.2,439,127,51,6.6,2.6,0.65,0
27,1,0.5,0.3,63,10,501,9.1,3.7,0.69,0
43,1,4.3,2.5,440,295,82,5.8,3.8,1.9,1
47,1,0.4,0.3,99,10,11,6.1,3.1,1.03,0
27,1,1.6,0.8,63,10,85,5.7,3.2,1.28,0
39,0,0.5,0.3,242,10,655,8.1,2.3,0.4,0
67,1,0.4,0.1,472,10,270,6.6,3.6,1.2,0
71,0,0.6,0.3,172,36,10,6.3,2.9,0.85,0
26,1,1.7,0.6,414,161,540,7.3,1.1,0.3,1
4,1,0.7,0.4,357,222,161,5.5,3.2,1.39,0
64,1,0.4,0.3,1048,103,10,5.0,3.0,1.5,0
74,1,4.0,1.6,214,337,222,6.8,2.3,0.51,1
58,1,1.9,0.8,249,101,65,6.7,3.9,1.39,0
40,0,0.4,0.2,558,10,10,5.7,2.8,0.97,0
27,1,1.6,1.0,277,10,204,6.9,2.5,0.57,0
54,1,0.4,0.2,350,207,10,8.5,4.0,0.89,0
61,0,2.2,1.5,63,20,10,7.0,3.4,0.94,0
34,1,1.0,0.6,260,10,10,4.3,2.3,1.15,0
49,1,0.4,0.2,119,10,145,8.1,3.1,0.62,0
37,1,0.5,0.2,173,10,66,8.7,2.5,0.4,0
56,1,1.1,0.6,352,10,382,7.1,2.1,0.42,0
11,1,4.1,2.6,276,169,10,6.7,2.1,0.46,1
51,1,0.5,0.2,476,35,10,4.8,3.7,2.8,0
38,1,0.4,0.2,520,312,679,5.5,2.5,0.83,1
74,1,1.8,0.6,247,10,10,6.2,2.3,0.59,0
49,1,2.0,1.3,362,117,459,5.7,2.9,1.04,1
56,1,0.4,0.2,63,10,10,5.9,5.2,2.8,1
29,1,0.8,0.4,366,199,1006,6.6,3.5,1.13,1
41,1,0.8,0.4,544,10,316,5.7,3.8,2.0,0
51,1,0.5,0.2,69,183,10,8.2,2.4,0.41,0
38,1,0.9,0.6,472,10,10,6.6,3.5,1.13,0
40,1,0.4,0.2,180,10,226,7.1,3.1,0.77,0
48,1,2.6,1.4,150,232,10,7.1,2.6,0.58,0
16,1,11.2,3.8,634,364,307,6.9,2.9,0.72,1
36,1,2.5,1.0,282,10,10,6.6,2.6,0.65,1
57,1,1.1,0.5,499,10,10,7.6,3.2,0.73,0
38,1,2.8,1.1,63,412,10,7.8,2.9,0.59,1
82,1,2.1,1.0,142,105,146,4.2,2.6,1.62,1
46,1,4.7,1.8,462,10,189,4.9,2.9,1.45,1
14,1,2.4,1.1,320,348,117,5.9,3.8,1.81,1
51,1,2.5,1.4,245,186,10,5.3,2.2,0.71,1
27,0,0.6,0.4,436,100,522,5.7,2.7,0.9,0
50,1,1.3,0.6,88,10,62,6.0,3.4,1.31,1
35,1,1.1,0.6,584,461,10,6.2,2.6,0.72,1
36,1,0.4,0.1,238,127,340,4.9,4.1,2.8,0
61,1,0.9,0.5,92,23,10,6.0,4.0,2.0,0
19,1,1.7,1.1,108,346,236,8.1,4.1,1.02,0
36,1,2.3,0.7,270,10,10,6.2,3.6,1.38,0
35,1,6.8,2.8,186,10,344,7.2,3.9,1.18,0
66,0,0.7,0.2,417,10,336,6.4,3.1,0.94,0
39,1,0.4,0.2,278,10,10,6.6,2.6,0.65,0
29,1,5.1,2.9,203,84,152,6.4,2.7,0.73,0
48,1,7.1,2.3,375,196,101,7.3,1.9,0.35,1
30,1,1.7,0.6,161,10,72,5.6,2.8,1.0,0
32,0,0.4,0.3,408,135,10,6.7,2.9,0.76,0
55,1,1.7,0.8,368,10,10,5.9,3.0,1.03,0
4,0,0.4,0.2,359,60,10,7.2,5.1,2.43,0
29,1,5.4,3.7,203,300,128,5.3,2.5,0.89,0
33,1,3.1,1.3,137,169,10,7.2,2.9,0.67,1
69,1,0.7,0.5,485,184,113,6.7,4.8,2.52,0
51,1,5.4,3.7,438,10,10,5.1,2.5,0.96,0
44,1,2.5,1.0,63,430,109,8.4,2.3,0.38,0
43,0,7.7,3.9,185,202,131,7.1,2.9,0.69,0
46,1,9.8,5.0,614,10,344,5.3,2.5,0.89,0
48,1,0.4,0.3,528,287,518,6.7,4.0,1.48,1
46,0,0.4,0.2,63,183,306,4.7,3.2,2.13,0
76,1,2.0,1.2,292,10,626,4.6,2.2,0.92,1
37,1,7.8,5.4,391,116,100,7.8,3.4,0.77,0
47,1,12.9,8.2,530,10,122,5.2,3.3,1.74,1
45,1,2.1,1.4,320,10,341,7.4,2.0,0.37,1
59,1,0.5,0.3,407,10,78,7.8,3.5,0.81,0
33,0,0.4,0.3,515,286,13,5.4,3.5,1.84,1
38,1,3.6,1.3,547,348,504,8.8,2.0,0.3,1
20,1,2.2,1.3,246,10,317,6.6,2.1,0.47,1
60,1,2.0,1.2,301,28,299,6.6,2.8,0.74,0
20,0,1.6,0.8,106,334,10,5.4,2.6,0.93,1
53,0,3.2,1.1,223,202,380,5.4,3.6,2.0,1
71,1,4.9,2.7,191,169,132,4.1,2.8,2.15,1
75,1,0.9,0.3,244,105,10,5.6,3.0,1.15,0
39,1,0.6,0.3,267,211,309,7.8,2.3,0.42,1
39,0,2.8,1.3,486,74,10,5.4,3.9,2.6,0
43,1,6.2,4.3,374,358,10,5.5,2.5,0.83,1
59,1,1.1,0.5,63,58,10,5.1,2.3,0.82,0
42,1,0.8,0.5,423,55,37,5.0,3.1,1.63,0
40,1,0.6,0.2,157,10,552,7.5,4.0,1.14,1
62,1,0.7,0.4,63,272,199,5.2,3.5,2.06,1
45,1,0.4,0.2,63,10,79,6.4,2.6,0.68,1
42,1,2.3,1.3,331,10,488,6.1,2.8,0.85,1
30,1,0.8,0.5,546,47,255,7.6,2.0,0.36,0
61,0,2.4,1.5,238,18,403,5.6,4.6,2.8,0
48,1,0.4,0.2,516,161,389,6.0,4.3,2.53,0
44,1,0.4,0.2,310,198,18,5.3,3.3,1.65,0
14,1,1.9,1.1,63,10,42,5.8,3.1,1.15,0
60,1,1.8,0.9,438,575,10,5.5,2.2,0.67,1
26,1,0.8,0.3,158,43,348,6.3,3.0,0.91,0
52,1,4.4,2.9,93,10,10,8.3,3.8,0.84,0
32,0,0.5,0.3,439,368,10,6.3,3.7,1.42,0
27,1,1.1,0.5,322,212,88,7.8,2.7,0.53,1
59,0,2.0,1.3,273,154,140,7.5,3.7,0.97,0
46,0,5.0,3.0,313,10,277,6.5,4.0,1.6,0
45,1,1.4,0.6,85,88,97,7.6,3.1,0.69,0
76,1,1.3,0.6,718,10,10,6.8,3.9,1.34,0
76,0,2.2,1.5,331,30,317,4.9,4.4,2.8,0
40,1,1.0,0.6,328,527,372,6.5,4.6,2.42,1
23,1,3.1,1.4,268,10,10,6.7,2.6,0.63,1
67,1,0.7,0.4,63,112,417,8.4,3.5,0.71,1
22,0,4.3,2.3,126,10,14,5.5,3.7,2.05,0
52,1,0.8,0.4,63,10,569,7.0,3.1,0.79,0
40,1,12.3,6.9,63,10,10,5.1,4.1,2.8,1
45,1,1.0,0.5,63,157,10,8.2,3.1,0.61,0
64,1,5.3,3.0,136,119,295,7.8,3.0,0.62,0
31,1,1.3,0.9,294,10,722,5.2,2.0,0.62,1
34,1,0.7,0.5,63,96,10,8.4,1.7,0.3,0
56,0,0.6,0.4,459,102,350,7.7,2.8,0.57,0
73,0,4.7,3.2,361,111,270,7.9,0.9,0.3,1
84,1,0.9,0.6,233,235,99,8.2,4.1,1.0,0
21,0,1.0,0.4,813,364,706,7.7,3.8,0.97,1
