mdvp_fo,mdvp_fhi,mdvp_flo,mdvp_jitter,mdvp_shimmer,nhr,hnr,rpde,dfa,spread1,spread2,d2,status
144.457,170.377,109.405,0.00513,0.03728,0.0524,15.619,0.31511,0.66049,-6.9984,0.2655,2.5723,0
142.357,246.687,96.822,0.001,0.02962,0.00803,11.872,0.38977,0.68483,-5.6555,0.1384,1.6174,0
112.048,158.248,100.08,0.001,0.02078,0.04859,25.116,0.56585,0.57,-5.7946,0.1082,2.3191,0
156.76,248.013,148.197,0.00427,0.03321,0.07615,26.411,0.64621,0.71116,-6.3441,0.0376,2.3457,0
154.542,185.024,140.816,0.01265,0.02392,0.0965,23.644,0.40221,0.70424,-5.1317,0.1973,3.155,1
176.492,196.853,138.528,0.001,0.02993,0.02649,25.731,0.38709,0.71379,-3.329,0.1285,2.6686,1
109.95,189.481,90.142,0.0144,0.009,0.0006,20.012,0.44676,0.69799,-5.4907,0.2901,2.2694,0
138.706,208.362,129.252,0.00247,0.04358,0.0006,27.748,0.66844,0.71883,-7.96,0.0959,2.0864,0
88.3,98.365,69.628,0.00642,0.04064,0.05583,19.035,0.50477,0.71396,-6.6295,0.2623,2.2493,0
124.556,223.533,102.573,0.01101,0.06913,0.0006,21.802,0.41377,0.637,-4.0676,0.1158,2.0728,0
191.155,276.13,156.791,0.00422,0.01547,0.0368,18.088,0.45389,0.724,-5.9411,0.099,3.2083,0
108.601,155.638,92.077,0.00478,0.01944,0.06711,15.631,0.43718,0.70895,-6.9585,0.1237,2.3742,0
226.401,347.444,186.577,0.01323,0.03231,0.01747,19.002,0.56041,0.62371,-4.8575,0.306,2.6934,1
195.969,216.65,163.585,0.01148,0.02835,0.0006,31.609,0.68,0.75474,-6.3761,0.1238,2.5758,0
174.951,262.146,149.419,0.0095,0.05902,0.0006,28.547,0.50308,0.69509,-5.6418,0.3114,2.6298,1
209.408,322.622,184.946,0.00527,0.02124,0.0006,25.211,0.59938,0.74178,-6.9136,0.2362,2.0454,0
149.189,195.119,110.559,0.00562,0.02608,0.01904,19.914,0.35539,0.70779,-6.1357,0.1785,2.8882,0
123.666,198.953,106.482,0.001,0.01832,0.07217,19.815,0.68,0.62099,-5.7129,0.1358,2.3464,0
150.228,204.941,95.405,0.00458,0.05795,0.02447,29.339,0.35609,0.72253,-5.7899,0.3724,2.9502,0
88.3,141.496,80.059,0.00634,0.03826,0.11013,21.898,0.61118,0.73482,-5.2716,0.1729,2.5418,0
203.497,244.334,142.756,0.00583,0.05885,0.06564,25.279,0.52386,0.76853,-5.4607,0.1733,3.0465,0
139.756,243.118,103.589,0.00748,0.08439,0.03582,19.364,0.36419,0.75595,-6.7901,0.3361,2.6081,0
122.934,210.908,108.337,0.01156,0.01451,0.02114,20.492,0.57345,0.76992,-3.8425,0.3503,2.3095,0
127.723,153.962,105.109,0.001,0.04949,0.00409,25.235,0.48709,0.74682,-5.8509,0.2088,2.9141,0
154.886,272.122,109.662,0.00283,0.02412,0.02997,18.564,0.39883,0.68542,-7.1521,0.3147,2.4326,0
159.152,237.207,108.047,0.01172,0.01593,0.04569,23.332,0.49107,0.6866,-7.96,0.171,2.5845,0
148.151,235.731,138.551,0.01833,0.009,0.03685,18.719,0.32501,0.75945,-5.5981,0.3998,2.4139,0
147.967,249.799,93.326,0.001,0.06944,0.00406,24.045,0.44176,0.69058,-6.6896,0.1151,2.1744,1
176.96,205.008,106.444,0.00287,0.04804,0.0006,18.587,0.39356,0.73649,-5.0556,0.1469,2.3194,0
108.715,132.469,90.834,0.001,0.02472,0.0985,29.511,0.47176,0.79547,-5.6273,0.325,2.6504,0
163.523,213.115,133.282,0.001,0.04082,0.04937,21.517,0.31692,0.6791,-2.43,0.1969,2.7494,1
141.04,202.257,121.036,0.00737,0.009,0.03822,25.208,0.3109,0.74642,-7.0543,0.3298,1.6125,0
88.3,118.52,75.591,0.00897,0.02721,0.04426,21.709,0.40509,0.66985,-4.5271,0.1827,2.5017,0
109.351,159.006,98.65,0.0045,0.01452,0.06805,19.594,0.48617,0.73932,-6.8677,0.2727,2.3504,1
121.412,149.354,112.031,0.00455,0.05647,0.00529,24.327,0.39267,0.79068,-4.7743,0.1646,1.8593,0
223.354,352.343,194.599,0.00544,0.05774,0.01881,26.877,0.53615,0.77694,-4.1288,0.2139,2.7059,0
172.934,196.974,117.82,0.00316,0.04592,0.0006,15.427,0.56021,0.69074,-6.0554,0.1176,3.0665,1
165.419,223.814,126.086,0.00578,0.047,0.02371,22.377,0.40559,0.78869,-6.4748,0.2162,2.943,0
134.039,164.241,110.529,0.01293,0.01665,0.0006,21.324,0.62905,0.69876,-5.8507,0.1498,1.4934,1
132.989,214.239,104.899,0.00186,0.04262,0.0006,22.723,0.45971,0.82,-6.4899,0.3858,2.5033,0
105.229,180.842,68.99,0.00458,0.009,0.0006,27.757,0.67315,0.71162,-3.9244,0.1943,2.1331,0
140.687,162.515,113.428,0.00536,0.009,0.09032,25.392,0.46404,0.74314,-5.8954,0.1242,2.2097,0
211.15,348.298,192.207,0.00316,0.027,0.01062,26.889,0.37784,0.74162,-5.2009,0.2753,2.2842,0
99.63,172.062,74.372,0.00634,0.03907,0.04347,22.958,0.61281,0.6553,-5.1689,0.1234,1.5354,0
129.922,231.492,108.371,0.001,0.04036,0.02785,19.892,0.38586,0.77881,-4.7075,0.2902,1.5979,0
192.544,289.889,157.034,0.00886,0.009,0.04389,11.131,0.60377,0.72098,-6.1727,0.1754,2.4124,1
192.432,255.776,140.854,0.00114,0.009,0.0006,28.027,0.50206,0.68221,-4.8436,0.217,2.4741,0
124.37,164.838,99.228,0.0018,0.02042,0.0052,10.799,0.43441,0.67244,-4.2615,0.2048,2.3058,0
202.374,276.297,136.314,0.00516,0.01235,0.07038,28.785,0.41316,0.67987,-5.8497,0.1997,1.9055,0
136.204,208.238,107.756,0.001,0.04063,0.10172,25.06,0.48138,0.70615,-7.133,0.225,2.2265,0
106.621,153.871,93.783,0.01266,0.00976,0.00942,30.462,0.55798,0.65664,-4.1882,0.1669,2.9293,0
216.23,336.788,187.176,0.00188,0.06594,0.01403,22.969,0.48599,0.66918,-5.4907,0.1326,2.2422,0
158.007,178.156,114.6,0.01916,0.03588,0.06666,24.001,0.63795,0.62359,-5.6754,0.2231,2.1889,1
147.251,172.89,94.127,0.00915,0.02621,0.04163,20.985,0.37242,0.66954,-4.9423,0.1882,2.85,0
161.438,287.937,142.062,0.00316,0.009,0.02519,22.133,0.48034,0.77822,-4.1222,0.1177,2.298,0
114.045,204.913,79.006,0.00447,0.009,0.02142,18.611,0.60007,0.77006,-5.922,0.2691,2.6386,0
130.937,212.466,80.993,0.00674,0.0229,0.00118,21.283,0.36961,0.7235,-4.3114,0.2187,2.5551,1
213.688,273.409,161.509,0.01449,0.018,0.0006,18.075,0.59403,0.81532,-5.6014,0.1331,2.0409,1
231.168,408.559,198.53,0.01075,0.009,0.02928,22.003,0.49198,0.77074,-5.0001,0.201,2.0035,0
108.115,135.1,95.463,0.01038,0.05506,0.03667,21.687,0.50101,0.73174,-6.3416,0.2084,1.8678,1
138.081,222.587,130.317,0.00447,0.009,0.03875,21.711,0.45604,0.73718,-5.9567,0.1375,1.9963,0
154.382,182.276,102.864,0.00317,0.0357,0.0006,21.403,0.3691,0.71444,-4.4977,0.45,2.6943,0
162.509,252.577,114.216,0.00919,0.0374,0.0773,19.081,0.48212,0.64703,-7.8212,0.2194,2.0677,0
114.854,187.403,93.413,0.01267,0.009,0.0006,24.262,0.43442,0.69667,-4.9165,0.2024,2.3276,0
181.128,308.234,160.112,0.00531,0.02169,0.04518,23.186,0.64243,0.58027,-5.2663,0.415,2.273,0
184.256,297.392,125.649,0.00258,0.009,0.0024,23.016,0.54104,0.65528,-3.8695,0.2565,2.5242,0
189.403,330.781,140.815,0.001,0.03674,0.0006,17.656,0.49345,0.7794,-4.5834,0.3167,1.8614,0
185.352,271.475,137.705,0.001,0.03019,0.01101,24.763,0.62177,0.71387,-5.4872,0.2275,2.7973,0
157.563,248.036,137.163,0.00377,0.02753,0.0006,18.439,0.48439,0.65669,-7.0663,0.2251,2.9258,0
195.209,265.228,133.587,0.00473,0.01342,0.03817,19.5,0.56029,0.73635,-6.3128,0.1516,2.3704,1
176.724,195.682,165.955,0.0059,0.05144,0.08858,22.204,0.60642,0.74022,-5.9273,0.2735,1.5289,0
92.768,151.183,72.235,0.00871,0.02182,0.0006,26.861,0.46277,0.7871,-4.0537,0.3679,2.0535,0
93.059,159.029,65.023,0.00366,0.009,0.11803,16.486,0.53349,0.79891,-4.8072,0.3462,2.5001,0
166.975,204.001,116.799,0.01498,0.01106,0.0006,17.45,0.44633,0.74906,-6.5466,0.1232,2.5214,1
207.433,232.335,125.788,0.001,0.009,0.00707,13.163,0.60462,0.63427,-5.2409,0.3688,2.282,0
172.666,209.815,145.445,0.00941,0.01657,0.07839,24.027,0.48728,0.82,-6.1801,0.1538,2.7982,0
178.556,308.313,155.626,0.001,0.01173,0.0006,20.316,0.62706,0.77767,-6.3839,0.1448,2.161,0
110.354,144.217,67.465,0.00175,0.0422,0.01494,23.667,0.50989,0.75246,-4.9949,0.1491,2.754,0
156.988,198.369,126.387,0.00741,0.03987,0.09276,23.288,0.68,0.70917,-5.8374,0.1887,2.3804,0
201.483,223.689,176.013,0.01122,0.03304,0.0006,25.267,0.41928,0.63251,-6.949,0.0654,2.1649,1
172.657,225.825,126.33,0.0046,0.047,0.04762,21.806,0.57597,0.682,-4.7786,0.2242,2.658,0
158.532,253.801,119.13,0.00642,0.009,0.04442,18.679,0.48568,0.70745,-5.5143,0.1992,2.3633,0
178.797,316.714,129.908,0.01231,0.03505,0.0006,22.821,0.46749,0.68995,-6.0793,0.2233,2.7172,1
163.579,215.747,116.219,0.001,0.009,0.0006,23.624,0.3002,0.76467,-4.0532,0.1803,3.4844,0
202.826,257.281,156.561,0.00985,0.01994,0.11926,20.267,0.49728,0.70617,-4.5201,0.0926,2.0251,0
163.548,281.572,107.637,0.00255,0.03548,0.03295,22.2,0.39257,0.67117,-5.5475,0.1992,2.7147,0
152.927,259.479,115.344,0.00722,0.0189,0.03935,15.882,0.45903,0.73504,-7.546,0.3176,2.6224,1
110.839,147.384,103.04,0.0087,0.06003,0.03352,16.201,0.3965,0.66854,-4.4695,0.1392,3.0561,1
204.476,234.772,124.647,0.001,0.02239,0.10571,14.494,0.40988,0.62841,-6.2069,0.1498,2.7274,0
115.267,206.834,75.807,0.00227,0.04421,0.0006,23.07,0.38273,0.73547,-5.8521,0.2564,2.9777,0
164.032,258.595,143.068,0.00933,0.02397,0.0006,25.056,0.38376,0.70638,-6.01,0.121,2.0062,0
187.36,327.619,121.076,0.0047,0.0315,0.01957,15.527,0.33088,0.71784,-7.0922,0.2381,1.8953,0
228.279,305.737,158.642,0.00243,0.02206,0.04623,22.509,0.52762,0.77881,-5.1868,0.2555,2.0226,0
163.582,254.105,124.19,0.00697,0.03237,0.03015,23.768,0.49181,0.72255,-6.5985,0.175,2.3204,0
211.799,332.979,196.996,0.001,0.06181,0.03128,20.043,0.56078,0.73846,-5.2433,0.16,2.9054,1
155.334,265.782,103.177,0.001,0.05832,0.00191,28.847,0.45081,0.71086,-6.7003,0.1073,2.9902,0
130.998,235.16,120.922,0.001,0.01974,0.04828,15.389,0.42402,0.7505,-6.1752,0.1567,2.2414,0
260.1,305.895,221.471,0.0078,0.02465,0.0006,20.139,0.48121,0.60339,-5.282,0.2654,2.3374,0
103.771,159.992,86.638,0.00616,0.02997,0.0021,8.986,0.56017,0.67128,-5.5453,0.2871,1.9347,0
260.1,347.366,221.928,0.0087,0.0412,0.0006,23.321,0.51998,0.69069,-5.0023,0.2251,2.4077,0
221.614,369.688,135.392,0.01211,0.06424,0.0006,18.58,0.49129,0.68603,-4.92,0.1708,2.3047,1
130.403,212.284,82.756,0.00479,0.05343,0.0006,13.107,0.55644,0.67042,-4.2278,0.2259,2.3058,0
181.104,312.361,129.887,0.00565,0.02393,0.0333,24.414,0.4905,0.7059,-5.6808,0.1545,2.8287,0
96.333,129.143,60.294,0.00772,0.03666,0.04118,21.11,0.43085,0.70322,-4.3644,0.2343,2.5338,0
178.752,219.717,169.038,0.00315,0.03329,0.04147,20.449,0.58075,0.70588,-6.0314,0.2797,1.8832,0
167.535,186.845,134.555,0.001,0.01749,0.06165,26.761,0.36516,0.72002,-4.8321,0.1828,1.42,1
190.072,243.074,146.464,0.001,0.04826,0.06862,18.363,0.34796,0.73489,-4.4553,0.1558,2.5897,0
137.475,186.556,120.281,0.0058,0.009,0.0006,24.633,0.48751,0.6712,-4.4594,0.181,2.4683,0
160.784,283.341,151.448,0.011,0.04812,0.04924,25.273,0.49858,0.68388,-7.2701,0.307,2.5235,0
173.918,251.131,162.491,0.01384,0.03683,0.0313,19.325,0.5133,0.75614,-7.96,0.4433,2.4684,0
133.978,199.561,117.575,0.00458,0.009,0.03085,21.837,0.45724,0.6629,-5.075,0.2719,1.9451,0
212.412,364.518,155.488,0.00684,0.00921,0.01905,29.186,0.62531,0.6696,-5.6773,0.2141,2.3079,0
159.588,274.419,99.437,0.01535,0.009,0.00198,17.357,0.34015,0.67135,-5.3743,0.1421,2.2639,1
168.457,247.554,106.875,0.00858,0.06124,0.04512,24.242,0.5035,0.70001,-5.5801,0.1372,2.3491,1
119.723,141.224,71.882,0.00669,0.01016,0.0006,22.073,0.56586,0.75991,-6.0498,0.2542,2.7138,0
88.3,113.851,53.039,0.00705,0.04629,0.06811,27.391,0.62844,0.73619,-5.0559,0.1576,2.1606,1
98.461,139.797,91.347,0.00891,0.04697,0.00409,21.652,0.62343,0.66635,-5.3106,0.3018,1.9407,0
178.887,290.838,165.373,0.001,0.02671,0.0006,24.817,0.38038,0.80066,-5.7942,0.1717,2.8892,0
121.482,194.15,101.273,0.0098,0.01637,0.0285,14.758,0.52621,0.67522,-5.6485,0.3338,2.1025,0
184.376,285.764,157.519,0.0082,0.03874,0.0006,12.366,0.4686,0.62894,-5.0076,0.1873,2.8179,0
222.706,382.202,173.627,0.01144,0.03309,0.0006,17.183,0.48811,0.80121,-6.3277,0.3107,3.1976,0
186.118,309.301,127.164,0.00847,0.04679,0.05135,19.857,0.60339,0.66816,-6.8918,0.2738,2.9527,0
171.849,307.177,158.107,0.01111,0.009,0.06139,20.242,0.67999,0.70445,-6.9086,0.2878,2.6325,0
181.345,312.351,126.432,0.00139,0.04843,0.01964,26.606,0.51609,0.7033,-6.2343,0.2145,2.3047,0
199.907,247.277,171.697,0.00302,0.05461,0.0006,20.071,0.29143,0.73909,-4.062,0.1669,2.727,0
167.105,190.555,114.618,0.00676,0.02412,0.04526,21.905,0.32316,0.61815,-5.5353,0.3008,2.3713,0
181.677,252.56,164.336,0.00224,0.01084,0.01122,22.414,0.48535,0.69497,-6.4201,0.3635,2.9179,0
130.792,200.406,108.287,0.01028,0.01982,0.07913,19.021,0.58976,0.69166,-5.4595,0.1398,2.6226,1
113.785,176.386,93.866,0.001,0.01684,0.10269,21.719,0.41146,0.78069,-6.8183,0.258,2.5238,0
133.26,171.54,84.497,0.0052,0.02556,0.0006,26.425,0.47088,0.68282,-5.8826,0.2577,2.3987,0
140.689,239.441,105.069,0.00317,0.01498,0.1229,23.116,0.65179,0.69396,-6.1274,0.2333,2.1922,0
138.999,184.934,108.936,0.00229,0.03767,0.0006,24.41,0.45035,0.74801,-7.1224,0.3345,2.3791,1
201.671,351.589,141.757,0.001,0.0411,0.00247,23.266,0.66528,0.73557,-4.4884,0.158,2.4913,0
88.3,126.28,80.207,0.00621,0.02218,0.06505,29.047,0.44697,0.6738,-6.0905,0.3079,2.2824,0
145.351,160.943,129.825,0.00558,0.009,0.0006,17.169,0.58043,0.73142,-5.7219,0.1978,2.4932,0
184.972,224.45,142.94,0.01552,0.03742,0.0006,32.803,0.49769,0.67313,-4.9205,0.0331,2.7545,0
183.46,214.946,131.91,0.01844,0.009,0.0006,26.184,0.56766,0.75016,-5.2966,0.1034,2.4855,1
120.296,136.033,105.925,0.001,0.03374,0.0006,26.984,0.68,0.70199,-5.5958,0.2229,2.1769,0
226.183,361.85,151.297,0.001,0.03037,0.0006,27.564,0.53197,0.64717,-5.9395,0.3176,1.42,0
96.913,119.651,60.574,0.001,0.02275,0.05498,26.36,0.61611,0.60283,-4.8863,0.3065,2.8412,0
139.711,235.697,86.062,0.00569,0.04125,0.09114,16.124,0.40054,0.6912,-5.6879,0.2284,2.338,1
141.373,181.682,86.738,0.01163,0.03591,0.0006,16.815,0.39686,0.67082,-5.5228,0.1284,2.4562,0
140.958,158.244,108.694,0.00359,0.03637,0.00797,24.877,0.32676,0.69802,-4.467,0.1234,2.5871,1
210.492,352.463,145.105,0.00889,0.0446,0.0006,24.341,0.38444,0.70754,-4.4052,0.2536,2.5872,0
154.861,220.879,130.336,0.002,0.02116,0.0006,25.698,0.64173,0.61431,-5.3871,0.2166,2.668,0
167.439,254.449,138.784,0.00356,0.02089,0.0006,22.005,0.52315,0.67351,-5.566,0.2977,2.7634,0
190.604,254.525,150.521,0.00683,0.04947,0.0006,16.004,0.46326,0.70353,-4.9652,0.1934,2.6671,0
127.721,144.609,92.406,0.00594,0.0412,0.022,21.315,0.51042,0.715,-5.9543,0.1582,1.42,0
147.794,200.87,132.669,0.00582,0.02008,0.0006,25.062,0.55802,0.74991,-5.9514,0.1977,2.5293,0
223.589,327.066,189.692,0.001,0.009,0.00891,20.686,0.56785,0.75853,-5.7483,0.219,2.4769,0
169.859,188.234,118.058,0.01213,0.03645,0.03987,21.779,0.51186,0.69807,-6.7901,0.0574,2.2839,1
108.868,163.52,84.437,0.01209,0.03823,0.0203,21.932,0.62827,0.70261,-3.105,0.2578,2.5622,1
118.747,204.854,77.743,0.01218,0.009,0.0006,19.503,0.39292,0.68597,-6.1157,0.2314,2.3877,1
191.126,239.383,136.669,0.00261,0.01288,0.06229,18.219,0.45493,0.74279,-5.1703,0.2958,2.1642,0
107.44,187.884,101.96,0.0066,0.02125,0.0006,31.077,0.60703,0.69077,-5.6985,0.2824,2.85,0
134.618,157.278,91.318,0.00338,0.03759,0.0006,28.658,0.58564,0.66166,-4.9301,0.3067,2.5122,0
162.617,272.84,137.315,0.00113,0.07619,0.09289,26.509,0.52708,0.62687,-6.0986,0.3545,2.4455,1
154.764,261.277,105.773,0.00742,0.05024,0.03762,23.626,0.43571,0.66262,-5.4437,0.2312,1.5883,0
215.605,276.068,200.156,0.001,0.009,0.0006,17.379,0.56876,0.69671,-6.6067,0.0435,3.1889,1
88.3,156.334,62.565,0.01023,0.02071,0.0006,25.704,0.39908,0.75898,-4.3565,0.2889,1.6716,0
174.153,242.355,125.624,0.001,0.0272,0.0104,26.707,0.6082,0.71228,-4.9589,0.3159,2.5792,0
142.501,170.841,115.12,0.00443,0.03855,0.00454,20.284,0.64217,0.71572,-7.2238,0.2018,2.6509,0
208.724,316.05,168.198,0.001,0.01356,0.05236,17.102,0.43239,0.71017,-5.6646,0.0587,3.0049,1
144.445,259.659,115.943,0.01504,0.04011,0.06923,23.678,0.68,0.77399,-7.1956,0.3032,2.0146,0
145.645,251.894,116.609,0.00929,0.01925,0.00338,26.499,0.39027,0.73539,-6.5515,0.2185,2.0727,0
154.031,199.474,109.249,0.00643,0.04008,0.01979,18.984,0.4711,0.70926,-4.6761,0.1132,2.6841,0
126.829,190.737,95.381,0.00256,0.03044,0.0006,24.126,0.46864,0.68007,-7.96,0.1986,2.6274,0
129.736,153.187,104.788,0.001,0.06786,0.01769,17.807,0.47962,0.64698,-4.5407,0.2196,3.0267,1
148.033,210.694,123.599,0.005,0.0476,0.0006,16.799,0.63248,0.79262,-5.2671,0.1986,2.7932,0
222.302,325.928,153.076,0.00751,0.05396,0.02498,22.701,0.53377,0.75018,-5.7673,0.1796,2.2514,1
133.858,176.786,113.179,0.00485,0.009,0.0006,18.217,0.40686,0.70033,-4.7231,0.2962,2.3378,0
125.738,180.928,116.075,0.00865,0.01889,0.04903,23.692,0.5009,0.7997,-2.7339,0.3281,2.5787,1
137.634,240.028,119.091,0.01528,0.03522,0.06598,14.692,0.55632,0.70962,-7.1289,0.3746,1.7992,0
154.341,223.809,97.155,0.001,0.009,0.07576,18.029,0.54208,0.66916,-3.8341,0.1397,2.5932,0
228.407,384.111,174.547,0.00718,0.04886,0.02544,26.328,0.61222,0.77108,-4.6266,0.3241,2.6207,1
122.579,162.071,92.221,0.01471,0.03148,0.04829,24.847,0.49894,0.64595,-6.4482,0.2353,2.0722,0
257.662,458.634,184.944,0.00445,0.0499,0.00402,23.644,0.56996,0.68996,-5.108,0.2501,2.2991,1
172.925,201.531,133.492,0.0053,0.03816,0.0006,19.84,0.47577,0.64997,-6.8922,0.3172,1.6268,0
112.786,170.297,85.026,0.00831,0.02985,0.0006,21.86,0.42532,0.67003,-6.2169,0.216,2.733,0
131.544,217.432,79.21,0.00938,0.02667,0.03834,20.811,0.37586,0.71999,-7.96,0.2054,2.5388,0
88.3,147.446,60.291,0.01125,0.01439,0.0006,32.069,0.64665,0.72686,-7.1499,0.1645,1.8835,0
158.617,196.494,107.039,0.00655,0.01326,0.05892,23.192,0.33912,0.65489,-5.2639,0.1267,1.9772,0
197.734,273.101,142.812,0.00203,0.04588,0.00965,18.427,0.5154,0.80046,-5.1675,0.1694,2.2149,0
155.487,238.974,102.786,0.0088,0.04169,0.01229,21.444,0.53096,0.60554,-5.1795,0.2337,2.7027,0
187.436,247.625,116.91,0.00117,0.05245,0.05096,14.406,0.39193,0.71648,-4.9866,0.216,2.5717,0
171.939,268.364,114.995,0.00766,0.01863,0.0006,13.423,0.5801,0.71776,-5.5509,0.1896,2.0676,1
204.3,278.899,183.659,0.00639,0.05033,0.01512,28.236,0.35495,0.72317,-4.9406,0.192,2.1546,0
113.639,152.913,99.885,0.00626,0.02565,0.08714,23.004,0.43203,0.75397,-4.5103,0.3041,2.4,0
190.751,224.256,143.966,0.00559,0.04002,0.01264,19.813,0.58647,0.57,-5.4114,0.2341,2.0757,0
232.313,261.928,210.763,0.01101,0.05354,0.0006,21.683,0.35992,0.6713,-6.1535,0.1405,2.1822,1
260.1,438.188,177.241,0.00909,0.06835,0.01014,21.342,0.5717,0.71756,-5.8385,0.2246,2.6429,1
213.002,307.294,171.354,0.00947,0.04938,0.07636,22.097,0.60158,0.79515,-6.5915,0.2693,1.9138,0
161.299,240.983,104.848,0.00368,0.03285,0.0006,26.85,0.59731,0.68091,-4.752,0.2965,2.3259,0
114.238,155.427,101.865,0.001,0.03966,0.0006,24.156,0.52744,0.70038,-7.4299,0.2651,2.2976,1
120.392,143.955,77.738,0.00401,0.05273,0.00532,19.998,0.40615,0.74627,-5.8537,0.2879,2.3637,0
