gender,age,hypertension,heart_disease,ever_married,work_type,residence_type,avg_glucose_level,bmi,smoking_status,stroke
0,28,0,1,1,0,0,180.94,42.6,3,1
1,67,1,0,1,3,1,176.77,33.2,0,1
1,38,0,0,1,0,1,139.08,36.2,0,0
0,23,0,0,0,0,0,55.0,36.1,3,0
0,42,0,0,1,0,0,86.08,39.3,1,0
0,29,0,0,1,3,0,74.35,33.6,0,0
0,47,0,0,1,0,1,110.97,30.9,3,0
1,28,0,0,1,3,0,126.3,26.4,3,0
0,44,0,0,1,0,0,91.84,34.2,3,0
1,44,0,0,1,3,0,132.86,26.1,0,0
0,82,0,1,1,0,1,76.36,29.9,0,1
0,73,0,0,1,4,0,55.0,21.1,3,0
0,52,0,0,1,1,1,115.85,45.7,0,0
0,42,1,0,1,0,1,93.48,20.6,1,0
0,41,1,0,1,0,1,111.64,33.5,3,0
0,51,0,0,1,0,1,141.13,23.1,2,1
0,30,0,0,1,0,1,95.6,18.4,3,0
1,40,0,0,1,2,0,55.0,32.9,2,0
1,43,0,1,1,0,1,79.38,40.9,0,0
1,48,0,0,1,0,1,169.72,23.2,1,0
1,51,1,0,1,1,1,125.74,33.8,3,0
1,63,0,0,1,0,0,158.39,43.3,0,1
0,67,0,0,1,0,1,84.29,47.1,3,0
0,59,0,1,1,0,0,139.05,27.1,0,0
0,82,0,0,1,3,0,149.51,28.9,0,1
0,62,0,0,1,0,1,55.0,30.2,3,0
1,47,0,0,1,3,1,119.27,35.0,3,0
0,46,1,0,1,0,1,114.87,28.0,0,0
1,67,0,0,1,0,1,55.0,34.4,0,0
0,43,1,1,1,3,0,55.0,28.9,0,0
1,57,0,0,1,0,0,197.85,23.5,2,0
1,59,1,0,1,4,0,113.69,32.8,2,1
0,10,0,0,0,0,1,162.87,24.9,2,0
0,17,0,0,0,0,1,139.24,21.6,0,0
1,66,0,0,1,3,1,108.34,29.4,0,0
1,57,0,0,1,0,0,60.4,23.0,0,0
1,10,0,0,0,3,1,135.24,26.5,3,0
1,10,0,0,0,1,1,106.41,36.9,2,0
0,79,1,0,1,2,1,113.37,24.7,2,0
0,62,0,0,1,1,0,118.32,19.9,2,0
1,77,1,1,1,1,1,121.97,33.9,3,1
0,28,0,0,1,0,1,130.51,37.9,3,0
0,35,0,0,1,0,0,65.2,25.9,2,0
0,82,0,0,1,0,1,137.64,39.8,3,1
1,57,0,0,1,0,0,139.05,33.8,2,0
1,50,0,0,1,2,1,115.31,40.6,3,0
0,45,0,0,1,2,1,133.19,21.9,3,0
0,12,0,0,0,1,1,170.94,15.2,2,0
0,72,0,0,1,0,0,144.14,33.4,0,0
1,10,0,0,0,1,0,55.0,29.2,3,1
1,62,1,0,1,1,0,81.77,31.1,2,1
0,50,0,0,1,2,1,97.48,32.6,3,0
0,54,0,0,1,2,0,79.46,41.3,0,0
1,36,0,0,1,0,1,55.0,24.1,3,0
0,79,1,0,1,0,1,148.35,42.4,2,0
0,36,0,0,1,0,0,70.42,25.2,3,0
0,48,0,0,1,2,1,161.16,33.0,3,0
1,48,0,0,1,0,1,55.0,32.2,3,0
0,41,0,0,1,0,1,141.03,23.0,0,0
1,57,0,0,1,1,1,144.5,32.7,0,0
0,63,0,0,1,0,1,116.42,21.4,2,0
0,46,0,0,1,1,0,94.48,13.9,1,0
0,61,0,0,1,1,0,105.48,36.7,3,0
1,61,0,0,1,2,1,106.83,37.1,1,0
1,56,0,0,1,1,0,126.78,17.8,0,0
0,80,1,0,1,3,0,97.91,27.0,1,1
0,82,0,0,1,0,1,104.54,20.3,1,1
0,40,0,0,1,2,1,121.15,33.9,0,0
0,42,0,0,1,2,0,107.14,37.6,0,0
1,63,0,0,1,0,0,66.04,22.1,0,0
1,47,0,0,1,1,1,70.63,11.9,2,0
0,55,0,0,1,1,1,102.58,32.7,0,0
1,23,0,0,0,0,0,55.0,33.6,0,0
1,42,0,0,1,2,1,99.52,22.1,3,0
0,50,0,0,1,3,1,113.71,24.9,0,0
0,29,0,0,1,0,1,101.89,22.8,3,0
0,13,0,0,0,4,0,126.57,28.9,2,0
0,75,0,0,1,0,1,115.11,35.3,3,0
0,16,0,0,0,0,0,144.41,32.0,0,0
1,81,0,0,1,0,1,113.14,33.1,3,1
0,72,0,0,1,0,0,193.05,18.9,0,1
0,54,0,0,1,0,1,107.38,24.4,0,0
1,57,0,0,1,2,1,140.29,38.0,2,0
1,64,0,0,1,0,0,97.67,19.5,3,0
1,39,1,0,1,0,0,107.63,22.3,0,0
1,40,1,0,1,0,0,63.42,33.8,1,0
0,44,0,0,1,0,1,101.45,14.6,1,0
0,55,0,0,1,0,1,68.67,21.0,0,0
1,34,0,0,1,0,0,157.67,35.0,3,0
1,37,0,0,1,0,1,114.18,16.9,3,0
0,82,0,0,1,1,0,131.65,22.8,1,0
0,55,1,0,1,0,0,55.0,33.5,0,1
0,24,0,0,0,0,1,55.0,20.1,1,0
1,66,0,1,1,0,0,91.74,35.5,3,0
1,42,0,0,1,1,0,55.0,31.0,2,0
1,35,0,0,1,0,1,55.0,26.8,0,0
0,82,1,0,1,0,0,142.03,14.0,2,1
0,50,1,0,1,1,0,120.59,29.0,0,0
0,31,0,0,1,1,1,70.18,16.6,0,0
0,36,0,0,1,0,1,111.55,15.4,3,0
1,51,0,0,1,1,1,188.66,31.9,3,0
0,51,1,0,1,0,0,64.21,31.0,3,1
0,58,0,0,1,0,0,147.1,13.1,2,0
1,12,0,0,0,2,1,85.51,26.6,1,0
0,25,0,0,1,2,0,78.23,32.5,1,0
1,44,0,0,1,3,0,55.0,30.9,0,0
0,37,1,0,1,0,1,112.41,30.4,1,0
1,25,0,0,1,0,1,142.28,26.8,0,0
1,56,0,0,1,2,0,119.97,37.2,1,0
0,58,0,0,1,0,1,96.24,30.1,2,0
0,82,0,0,1,3,1,76.86,37.6,0,1
0,63,1,0,1,0,0,183.87,29.1,3,1
0,58,1,0,1,0,0,80.87,19.9,2,0
0,44,1,1,1,0,0,80.52,30.2,0,1
1,82,1,0,1,0,0,55.0,18.3,0,0
0,41,0,0,1,0,1,184.82,32.1,0,1
0,41,0,0,1,0,1,55.0,43.6,3,0
0,68,0,1,1,0,0,148.77,29.3,0,0
1,14,1,0,0,0,1,132.97,28.0,0,0
1,46,1,0,1,0,1,84.37,35.8,0,0
0,50,0,0,1,0,1,116.24,30.8,0,0
0,40,0,0,1,0,0,126.96,47.4,2,1
0,70,0,0,1,2,0,208.04,28.5,0,0
0,58,0,0,1,0,1,185.2,31.3,0,1
1,54,0,0,1,2,1,139.22,36.9,3,0
0,49,0,0,1,0,1,117.39,17.4,2,0
1,40,0,0,1,0,0,136.0,34.4,0,0
0,10,0,0,0,3,1,116.58,25.4,2,0
1,59,0,0,1,0,0,122.02,26.4,0,0
0,68,1,1,1,0,1,76.74,34.8,3,0
1,48,0,1,1,0,1,102.95,23.4,1,0
1,17,0,0,0,1,1,141.07,26.9,0,0
1,38,0,0,1,3,1,108.48,27.6,2,0
1,38,0,0,1,3,1,128.07,28.1,0,0
0,38,0,1,1,4,1,82.81,23.4,1,0
0,59,0,0,1,0,0,103.9,33.1,3,0
1,21,0,0,0,3,0,55.0,19.5,0,0
1,44,0,0,1,0,0,141.62,14.1,1,0
0,45,0,0,1,0,0,55.0,26.5,0,0
1,80,1,0,1,0,1,127.61,33.0,2,0
1,56,1,0,1,0,0,55.0,33.2,0,0
0,39,0,0,1,2,1,63.32,31.2,0,0
0,77,0,0,1,0,1,61.78,26.2,3,1
0,23,0,0,0,0,1,144.67,31.9,0,0
0,34,0,0,1,4,0,55.0,27.7,3,0
1,10,0,0,0,2,1,97.66,28.3,2,0
0,81,0,0,1,1,1,87.21,10.3,0,1
0,52,0,1,1,0,0,94.49,25.3,0,1
1,44,0,0,1,0,1,139.66,13.4,2,1
1,74,0,1,1,0,1,100.25,45.3,3,1
1,36,0,0,1,0,0,99.56,35.5,2,0
0,39,0,0,1,1,0,64.95,38.1,3,1
1,71,1,0,1,0,0,63.14,24.8,0,0
0,36,0,0,1,0,1,55.0,28.2,0,0
0,38,0,0,1,0,0,90.01,18.7,1,0
1,49,1,0,1,0,1,172.82,19.8,2,0
0,55,0,0,1,2,0,114.09,26.7,2,0
0,63,0,0,1,2,1,108.58,24.5,0,0
0,44,0,0,1,0,0,55.0,32.3,0,0
0,13,0,0,0,1,1,156.16,31.9,3,0
1,55,0,0,1,0,0,178.07,25.7,3,1
0,52,0,0,1,3,1,68.35,35.3,3,0
0,52,0,0,1,0,0,62.07,19.8,0,1
1,32,0,0,1,0,1,170.73,19.0,0,0
1,10,1,0,0,0,1,123.43,32.7,1,0
1,47,0,0,1,0,1,183.35,33.0,1,0
0,28,1,0,1,0,0,159.03,35.4,0,1
0,60,0,0,1,2,0,55.0,17.6,2,0
0,64,1,0,1,1,1,177.59,22.3,0,1
0,16,0,0,0,3,1,111.87,31.1,0,0
1,33,0,0,1,0,0,107.03,31.3,2,0
1,82,1,0,1,0,0,107.47,43.6,0,1
1,39,0,0,1,2,1,102.48,20.8,2,0
0,52,0,0,1,0,0,55.0,45.5,0,0
0,66,1,0,1,0,1,168.33,32.8,0,1
1,53,0,0,1,0,1,81.09,37.9,3,1
0,71,1,0,1,2,0,91.98,33.5,2,1
0,68,0,0,1,1,1,131.99,23.0,3,1
0,76,0,0,1,4,1,184.73,24.5,3,1
1,52,0,0,1,1,1,102.23,28.8,3,0
0,40,1,0,1,2,0,114.99,16.9,3,0
0,20,1,0,0,4,1,169.06,16.1,0,0
1,57,0,0,1,1,0,131.48,24.0,1,1
0,74,0,0,1,2,1,127.11,34.3,3,0
1,32,0,0,1,0,0,55.0,23.7,0,0
0,35,0,0,1,0,1,92.6,28.3,2,0
0,40,0,0,1,3,0,113.58,27.6,3,1
0,29,0,0,1,3,0,113.12,36.7,3,1
1,51,0,0,1,0,1,147.23,32.1,3,0
0,37,1,0,1,0,1,55.0,35.5,2,1
0,23,0,1,0,2,1,59.96,37.9,3,0
0,31,0,0,1,0,0,149.75,21.1,0,0
0,78,0,0,1,3,0,155.03,12.5,0,0
0,50,0,0,1,2,1,59.46,25.6,3,0
1,78,1,0,1,0,1,118.11,37.6,3,0
0,37,0,0,1,2,1,95.02,34.2,1,0
0,18,0,0,0,2,0,77.01,25.9,1,0
0,42,0,0,1,0,0,55.0,43.8,1,0
0,82,0,1,1,0,1,65.64,34.9,1,0
1,10,0,0,0,3,0,69.03,24.1,3,0
0,11,0,0,0,0,0,175.83,37.9,1,0
0,42,0,0,1,0,1,128.29,16.5,3,0
1,70,0,0,1,1,1,118.79,31.4,3,1
0,26,0,0,1,0,0,55.6,24.7,3,0
1,52,0,0,1,0,1,165.61,28.3,2,0
0,47,1,1,1,0,0,170.93,33.5,1,1
0,73,0,0,1,0,0,117.04,36.0,3,0
0,82,1,0,1,0,0,111.97,29.7,0,0
0,31,0,0,1,0,1,112.09,27.1,3,0
1,41,0,0,1,3,1,139.32,15.4,0,0
1,47,0,0,1,3,0,55.0,16.6,2,0
0,31,0,0,1,0,1,58.09,10.3,0,0
0,82,1,0,1,0,1,70.0,30.1,0,1
0,25,0,0,1,0,0,84.85,36.0,1,0
0,74,0,0,1,0,0,119.74,10.3,0,1
1,39,0,0,1,1,1,151.8,37.0,3,0
0,47,1,0,1,2,1,147.88,39.6,3,0
0,51,0,0,1,0,0,55.0,30.2,3,0
0,38,0,0,1,0,1,191.1,40.8,3,0
1,64,1,0,1,1,0,205.49,28.5,2,0
0,57,0,0,1,0,1,179.91,19.0,0,0
0,80,0,0,1,0,1,74.97,26.2,3,0
1,61,1,0,1,2,1,83.84,41.3,2,1
0,23,0,0,0,0,1,55.0,24.0,0,0
0,45,0,0,1,0,0,118.89,32.1,0,0
0,81,0,0,1,0,1,118.25,33.0,2,0
1,36,0,0,1,0,1,89.62,38.0,1,0
0,79,0,0,1,0,0,64.89,14.3,0,0
0,63,0,0,1,3,1,116.01,39.6,1,1
1,65,0,0,1,0,0,98.39,21.4,0,0
0,10,0,0,0,0,1,123.53,40.6,3,0
1,57,0,0,1,0,1,176.28,26.0,3,0
1,82,0,0,1,0,1,136.12,26.0,1,0
1,30,0,0,1,3,1,116.91,34.8,3,0
1,81,0,1,1,0,0,114.91,39.0,1,1
1,52,0,0,1,1,0,59.29,25.1,2,0
0,31,1,0,1,1,0,103.67,26.6,1,0
0,42,1,0,1,0,1,120.01,24.1,0,0
1,12,0,0,0,2,0,147.51,24.3,1,0
1,49,1,0,1,0,0,136.17,32.7,0,0
1,57,0,0,1,0,0,94.37,28.1,0,0
1,82,0,0,1,0,0,167.84,38.6,3,0
0,56,1,0,1,0,0,55.0,23.4,0,0
1,78,1,0,1,0,1,131.58,34.7,0,1
1,27,0,0,1,1,1,63.02,34.4,3,0
1,44,1,0,1,2,0,174.93,26.6,3,0
0,55,0,0,1,0,0,150.59,26.8,2,0
1,30,0,0,1,1,1,55.0,32.6,3,0
0,43,0,0,1,0,1,60.81,23.4,3,0
0,68,1,0,1,4,0,55.0,26.0,2,0
0,82,0,0,1,3,0,140.11,18.6,3,0
1,65,0,0,1,0,1,126.36,21.7,0,0
1,33,0,0,1,1,1,146.84,20.7,2,0
1,47,1,0,1,3,0,55.0,21.5,3,1
0,26,0,0,1,0,0,69.09,15.1,3,0
1,53,0,0,1,0,0,139.06,15.9,1,0
1,79,0,1,1,0,0,163.43,35.6,3,1
0,54,1,0,1,0,0,90.33,27.7,3,0
1,48,0,0,1,3,1,118.94,38.5,0,1
0,47,1,0,1,3,1,141.21,37.0,3,0
1,52,0,1,1,3,0,175.55,25.2,3,0
1,82,0,0,1,0,1,55.0,21.6,0,0
0,64,0,1,1,0,0,96.44,30.0,0,0
0,26,0,0,1,0,1,55.0,25.3,2,0
0,36,0,0,1,3,1,126.69,33.8,0,0
0,74,0,1,1,1,0,55.0,13.3,2,0
1,57,1,1,1,4,0,105.98,31.4,0,1
0,10,0,0,0,3,0,111.25,41.2,1,0
1,70,0,0,1,0,0,69.57,25.7,3,0
1,39,0,0,1,0,1,151.08,33.6,3,0
1,33,0,0,1,0,1,116.56,19.2,0,0
1,70,0,0,1,1,0,108.11,24.1,3,0
0,69,1,0,1,3,1,74.82,22.0,1,0
0,46,0,0,1,0,1,97.12,40.8,3,0
0,57,0,0,1,3,1,65.12,44.1,0,0
1,35,0,0,1,1,0,91.9,25.0,1,0
1,32,1,0,1,0,1,106.53,39.0,0,0
0,41,0,1,1,2,1,222.68,33.4,2,1
0,41,1,0,1,0,0,102.56,25.8,0,0
1,35,0,1,1,0,0,74.02,41.2,3,0
1,66,1,0,1,2,1,55.0,24.3,2,0
0,50,0,0,1,2,1,134.77,23.8,3,0
0,28,0,0,1,0,1,58.94,20.8,2,0
1,35,0,0,1,0,1,123.13,35.7,0,0
1,22,0,0,0,0,0,168.24,21.4,0,0
0,46,1,0,1,0,1,140.16,27.7,1,0
1,78,0,0,1,0,1,63.89,26.1,3,0
1,54,0,0,1,0,1,116.7,24.7,3,0
1,50,0,0,1,0,1,164.12,27.0,3,0
0,17,0,0,0,0,1,121.2,25.5,2,1
1,77,1,0,1,2,0,96.77,41.2,0,1
0,49,0,0,1,2,1,146.24,32.2,0,0
0,50,0,1,1,0,0,128.68,29.5,3,1
0,24,1,0,0,0,0,112.08,25.6,0,0
0,45,1,0,1,0,1,136.56,19.0,0,1
1,29,0,0,1,0,1,119.07,23.9,3,0
0,34,0,0,1,3,0,85.29,28.6,0,0
0,12,0,0,0,0,0,114.83,28.3,3,0
0,10,0,0,0,0,0,94.36,30.0,0,0
1,82,1,1,1,0,0,157.85,40.2,0,1
0,52,0,0,1,0,0,93.76,25.3,0,0
0,72,0,0,1,0,1,93.9,39.8,3,0
0,42,1,0,1,2,0,142.98,27.2,1,0
0,44,1,0,1,0,1,95.51,30.4,0,0
0,26,1,0,1,0,0,110.3,28.0,0,0
0,61,0,0,1,1,0,90.64,39.2,3,0
0,64,0,0,1,1,1,70.81,22.2,3,1
0,59,0,0,1,0,1,92.6,35.0,2,0
1,48,1,0,1,0,0,78.38,42.4,1,1
0,54,0,0,1,1,1,229.52,28.0,1,0
0,39,0,0,1,0,0,93.55,10.3,3,0
0,70,1,0,1,0,1,84.57,20.0,3,1
0,19,0,0,0,0,1,145.01,25.4,0,0
1,31,0,0,1,0,0,142.65,31.9,3,0
0,43,0,0,1,0,1,65.21,39.1,3,0
1,22,0,0,0,1,1,116.33,28.0,1,0
0,16,0,0,0,2,1,94.1,25.4,1,0
0,43,0,0,1,1,1,118.83,34.0,3,0
1,39,1,0,1,0,1,94.06,27.5,3,0
1,45,0,0,1,1,1,55.0,29.0,0,0
0,48,0,0,1,1,1,130.73,25.0,2,0
0,61,1,0,1,2,0,126.29,41.6,3,0
0,50,0,0,1,0,0,55.0,30.3,3,0
1,82,0,0,1,2,0,150.8,38.0,3,0
1,52,1,0,1,0,0,150.82,31.7,3,1
0,80,1,0,1,3,1,160.03,37.5,1,0
0,70,0,0,1,0,1,55.0,35.4,2,0
1,72,0,0,1,0,0,143.99,35.4,3,1
0,15,0,0,0,0,0,67.97,32.4,3,0
0,52,1,0,1,0,1,55.0,16.9,3,0
0,56,0,0,1,2,1,82.87,16.7,3,0
0,42,1,0,1,0,0,95.72,20.8,0,0
1,51,0,1,1,1,0,82.91,38.0,3,0
0,27,0,0,1,1,1,159.38,33.9,2,0
1,78,1,0,1,0,1,59.39,26.2,3,0
0,48,0,0,1,2,1,149.76,40.2,2,0
1,57,0,1,1,4,1,86.66,36.7,3,0
0,31,0,0,1,0,1,110.24,32.9,1,0
1,81,0,0,1,2,1,93.5,34.4,0,1
1,65,1,0,1,0,1,69.64,33.4,2,0
0,70,0,0,1,3,0,68.61,19.2,3,0
0,82,1,0,1,0,0,55.0,29.2,3,0
1,44,0,0,1,3,0,55.0,33.1,3,0
1,61,1,0,1,0,0,98.22,28.6,0,0
0,59,0,0,1,2,0,167.79,23.2,3,0
1,36,0,1,1,0,1,55.68,15.4,0,0
0,56,0,0,1,0,1,113.91,22.5,1,0
1,31,0,0,1,2,0,99.31,36.0,1,0
1,47,0,1,1,1,1,164.14,33.2,3,1
0,14,0,0,0,3,1,127.4,16.4,3,0
0,31,0,0,1,0,1,76.75,34.7,2,0
0,10,0,0,0,3,1,55.0,18.6,0,0
1,80,1,0,1,1,0,55.0,27.3,0,1
0,62,1,0,1,0,1,71.7,35.2,1,0
1,38,1,0,1,0,0,203.28,26.3,0,0
0,32,0,0,1,2,1,79.56,18.0,2,0
0,72,1,0,1,3,0,55.0,10.3,0,1
1,82,0,1,1,2,1,55.0,21.4,3,1
0,65,0,0,1,2,1,177.26,25.4,3,1
0,76,0,0,1,3,1,85.91,31.9,2,1
0,48,0,0,1,2,1,124.14,24.1,0,0
0,10,1,0,0,3,1,120.04,24.8,0,0
0,46,1,0,1,2,0,77.66,24.8,2,1
0,51,0,1,1,2,1,84.73,23.2,3,0
1,70,0,1,1,0,0,63.76,43.2,3,1
1,40,0,0,1,1,1,55.0,30.8,1,0
0,24,0,0,0,0,1,152.1,21.4,0,0
0,11,0,0,0,0,0,142.08,12.3,0,0
1,62,0,0,1,1,1,105.14,29.8,0,0
1,42,0,0,1,2,0,109.42,40.1,0,0
0,25,0,1,1,0,0,150.4,32.8,0,1
0,61,0,1,1,0,0,55.0,48.7,0,0
0,65,0,0,1,0,0,129.3,24.3,3,1
0,44,1,0,1,1,0,152.39,32.9,0,1
0,69,1,0,1,0,0,191.08,17.1,3,1
0,62,0,0,1,0,1,147.74,15.1,0,1
0,45,1,0,1,0,0,177.79,27.4,3,0
1,43,0,0,1,0,1,96.15,37.9,0,1
0,41,0,0,1,1,1,106.77,41.9,0,0
0,48,0,0,1,0,1,69.67,29.2,0,0
0,79,1,0,1,1,1,78.62,21.7,3,0
0,73,0,0,1,0,1,148.51,11.6,1,1
1,59,0,0,1,0,0,125.55,24.1,2,0
0,82,0,0,1,1,1,129.74,28.4,3,1
0,72,0,0,1,0,0,55.0,24.2,3,0
1,45,0,0,1,2,1,128.48,14.7,0,0
1,60,0,1,1,4,1,167.67,28.7,1,0
0,77,0,0,1,2,0,126.19,26.0,3,1
0,50,1,0,1,2,0,62.9,32.3,2,0
1,44,0,0,1,0,0,104.42,22.3,0,0
1,82,0,0,1,0,1,170.04,25.7,3,1
1,60,0,0,1,0,0,120.12,28.8,2,0
1,70,0,0,1,2,0,163.2,31.5,3,0
0,33,0,0,1,1,0,192.42,24.9,2,0
0,67,0,0,1,0,0,97.84,22.6,1,1
0,44,0,0,1,0,0,58.33,20.0,3,0
0,47,0,0,1,1,1,83.83,29.2,3,1
0,28,0,0,1,0,0,193.09,25.6,1,0
0,43,0,1,1,2,1,143.95,41.8,0,1
0,18,0,0,0,2,1,117.32,27.1,2,0
0,72,1,1,1,0,1,154.84,29.6,0,1
1,37,0,0,1,0,0,86.11,35.8,0,0
0,55,0,0,1,0,1,91.77,36.7,2,1
0,24,0,0,0,0,0,74.66,25.1,0,0
1,58,0,1,1,2,1,204.19,43.2,0,0
0,10,0,0,0,1,0,114.8,45.2,0,0
1,29,0,0,1,0,0,101.66,25.9,0,0
1,76,0,0,1,0,0,116.19,28.6,1,0
0,34,0,1,1,0,1,102.2,31.0,0,1
0,44,0,0,1,2,1,67.76,22.5,2,0
0,10,0,0,0,2,1,154.84,28.1,2,0
1,76,0,0,1,0,1,55.0,20.8,3,0
0,43,0,0,1,2,1,115.73,28.0,0,0
1,76,0,0,1,0,0,134.69,27.3,2,0
1,34,0,0,1,4,1,55.0,31.4,1,0
1,17,0,0,0,3,1,127.02,32.6,0,0
1,78,0,0,1,3,1,86.0,28.1,1,0
0,56,0,0,1,2,0,55.0,38.6,1,0
0,50,0,0,1,2,1,114.5,21.2,2,0
1,35,0,0,1,0,0,147.83,25.5,2,0
1,73,0,0,1,1,1,245.95,23.1,2,0
1,10,0,0,0,1,0,88.4,40.4,3,0
1,65,0,0,1,0,0,128.36,27.1,3,0
1,23,0,0,0,0,1,147.96,27.2,0,0
1,58,0,1,1,3,0,112.3,38.8,1,0
0,82,0,0,1,0,0,138.94,16.7,0,1
0,47,1,1,1,0,0,86.8,20.6,1,1
1,46,0,0,1,0,0,97.97,27.6,3,0
0,37,0,0,1,0,1,55.0,24.3,0,0
0,45,0,0,1,1,1,89.18,35.5,0,0
1,39,0,0,1,0,0,55.0,17.6,0,0
0,48,0,0,1,1,1,55.0,33.3,1,0
0,42,0,0,1,2,1,145.73,21.0,3,0
0,44,0,0,1,2,1,55.0,30.8,1,0
0,36,0,0,1,4,0,148.14,35.7,2,0
1,45,1,0,1,0,1,98.87,43.4,2,1
0,47,0,0,1,0,1,98.97,17.1,0,0
1,82,0,0,1,3,0,72.66,29.6,0,0
0,81,1,0,1,0,0,104.63,36.2,3,1
0,55,0,0,1,3,1,175.36,29.3,1,1
0,39,0,0,1,4,1,73.44,31.8,1,0
0,55,0,0,1,3,0,90.39,23.3,3,0
1,31,0,0,1,3,1,141.45,26.3,0,0
0,36,0,0,1,0,1,55.0,22.7,3,0
0,49,0,0,1,0,0,55.0,33.5,2,0
0,34,0,0,1,0,1,103.83,43.2,0,0
1,34,0,0,1,2,1,159.97,30.0,0,1
1,38,0,0,1,0,0,102.07,29.3,0,0
1,82,0,0,1,2,1,93.62,12.1,0,0
0,52,0,0,1,0,0,104.47,28.3,0,0
0,12,0,0,0,2,0,101.95,33.2,0,0
0,52,0,0,1,0,0,76.87,15.9,0,0
1,58,0,0,1,0,0,147.88,30.1,2,0
1,47,0,0,1,3,1,116.1,28.7,0,0
0,61,0,0,1,1,1,82.98,13.1,0,0
0,36,0,0,1,0,1,108.87,32.1,2,0
0,45,0,0,1,3,0,91.35,25.5,3,0
0,46,0,0,1,0,1,55.0,29.8,3,0
1,34,0,0,1,1,0,203.55,31.3,1,0
0,28,0,0,1,2,0,111.94,22.9,0,0
0,50,0,0,1,2,0,61.11,31.5,2,0
0,53,0,1,1,0,1,55.0,24.8,3,0
1,10,0,0,0,2,1,55.0,29.9,3,0
1,37,0,0,1,0,0,72.9,23.7,3,0
0,42,1,0,1,0,1,55.0,37.2,3,0
0,52,0,0,1,0,0,96.2,34.2,3,0
0,65,0,0,1,0,0,179.84,26.1,0,1
0,41,0,0,1,0,1,74.42,34.3,1,0
0,60,0,0,1,3,1,252.91,25.5,2,1
0,19,1,0,0,0,1,135.48,30.5,0,1
1,76,0,0,1,3,0,204.8,22.2,3,1
0,47,0,0,1,0,0,55.0,36.3,0,0
0,16,0,0,0,0,1,74.48,27.9,0,0
0,61,0,0,1,0,0,76.87,23.5,0,1
0,42,0,0,1,1,0,102.57,30.6,1,0
0,82,0,0,1,2,1,136.61,15.2,2,0
0,82,0,0,1,2,0,55.0,20.9,0,0
0,67,1,0,1,1,0,145.14,26.5,3,1
1,10,0,0,0,0,1,74.47,29.8,0,0
0,43,1,0,1,0,1,188.05,29.7,2,0
1,75,1,0,1,0,0,121.89,24.6,1,1
1,66,0,1,1,0,1,162.41,33.4,3,0
0,29,0,0,1,3,1,85.48,19.2,3,0
0,46,0,0,1,0,1,130.71,26.7,0,0
0,60,0,0,1,0,1,84.81,37.1,1,0
0,15,0,0,0,1,1,133.41,33.3,3,0
0,16,0,0,0,0,1,116.75,38.7,0,0
0,82,0,0,1,2,1,174.97,46.4,0,1
0,42,0,0,1,3,0,148.3,24.0,3,0
0,10,0,0,0,0,1,127.4,31.5,1,0
1,33,0,1,1,3,0,114.56,22.5,3,0
1,55,1,0,1,0,0,109.46,20.2,2,0
0,65,0,0,1,0,1,55.0,32.2,1,0
0,34,0,0,1,4,0,55.14,29.0,3,0
0,23,0,0,0,0,1,65.34,25.7,1,0
0,66,0,0,1,0,1,180.64,33.3,2,1
0,28,0,0,1,1,1,82.04,26.0,3,0
1,43,1,0,1,0,1,85.79,17.1,2,0
0,62,0,0,1,0,1,133.45,34.1,0,0
0,38,0,0,1,2,1,64.7,23.5,2,0
1,82,0,0,1,2,1,169.55,34.7,1,1
0,30,0,1,1,2,0,55.0,31.6,3,0
0,40,0,0,1,1,0,161.57,10.3,0,0
0,40,0,0,1,0,1,189.52,26.5,3,0
1,35,0,0,1,0,1,121.42,21.4,0,0
1,71,0,0,1,3,0,74.71,36.0,2,0
0,41,1,0,1,2,1,148.74,24.4,1,0
1,82,1,0,1,0,0,72.49,35.4,3,1
0,50,0,1,1,2,0,201.02,29.3,1,1
0,53,0,0,1,0,0,131.53,24.3,3,0
0,15,0,0,0,0,0,64.76,32.7,2,0
1,36,0,0,1,0,0,143.31,35.7,1,0
1,62,0,0,1,3,0,59.5,19.6,0,0
0,59,0,0,1,0,0,70.43,16.9,0,0
1,26,0,1,1,4,1,140.79,28.2,0,0
0,38,0,0,1,0,0,74.4,25.7,0,0
1,10,0,0,0,0,0,111.57,32.6,0,0
0,31,1,0,1,0,0,132.03,35.0,2,0
1,82,0,0,1,0,1,75.71,15.8,3,0
1,53,0,0,1,0,1,81.48,25.9,3,1
0,72,0,0,1,0,1,183.29,16.6,0,1
0,13,0,0,0,0,0,136.66,18.2,2,0
0,50,0,0,1,0,0,105.53,15.7,1,0
0,46,1,0,1,0,0,102.16,25.8,2,0
0,35,0,0,1,0,1,55.0,16.5,2,0
0,43,0,0,1,1,0,127.5,23.6,0,0
0,37,0,0,1,3,0,111.04,22.0,3,1
0,24,0,1,0,2,0,147.26,26.1,2,0
0,51,1,0,1,0,1,55.0,28.8,3,0
1,66,1,0,1,3,1,96.97,28.2,1,1
1,32,0,0,1,2,0,102.07,19.2,0,0
1,33,0,0,1,0,0,121.24,28.5,3,0
0,65,0,0,1,1,1,116.47,25.5,3,0
1,49,0,0,1,3,0,129.68,32.4,2,0
0,41,1,0,1,0,1,97.2,23.6,0,0
1,50,0,0,1,0,1,55.0,33.3,2,0
0,82,0,0,1,0,1,55.0,21.2,1,0
0,72,0,1,1,0,0,103.22,21.6,1,0
1,82,0,0,1,0,1,240.93,27.9,3,1
1,63,1,1,1,1,1,132.23,15.3,3,0
0,32,0,0,1,0,0,220.29,21.9,1,0
0,39,0,0,1,0,1,137.27,37.7,1,0
0,32,0,0,1,0,0,58.59,34.0,0,0
1,61,1,0,1,2,0,100.23,25.8,0,0
0,42,1,0,1,4,1,220.05,47.1,2,1
1,30,0,0,1,1,0,140.88,27.5,0,0
1,46,0,0,1,2,1,139.54,30.0,0,0
1,19,0,0,0,0,1,74.84,40.1,1,0
1,69,1,0,1,3,0,106.26,31.3,2,0
1,28,0,0,1,0,1,57.85,26.3,3,0
0,67,0,0,1,3,0,86.42,34.2,0,0
0,58,1,1,1,2,0,113.16,33.6,0,1
1,60,0,0,1,1,0,78.26,23.1,0,0
0,24,0,0,0,0,1,149.06,27.1,1,0
0,49,0,0,1,2,0,79.99,29.9,1,0
0,37,1,0,1,0,1,120.45,29.9,0,0
0,11,0,0,0,0,1,150.45,22.1,3,0
0,78,0,1,1,2,1,199.47,31.1,2,1
0,46,0,0,1,3,1,122.46,26.0,3,0
0,39,0,0,1,1,1,59.81,32.5,0,0
1,77,1,0,1,0,1,105.31,35.7,1,0
1,68,0,0,1,2,0,194.21,22.4,2,0
0,82,1,1,1,2,0,148.75,25.9,0,1
0,28,0,0,1,0,1,114.67,30.3,3,0
0,36,0,0,1,3,0,131.84,34.5,3,0
1,82,0,0,1,3,0,118.58,24.3,0,0
0,30,0,0,1,0,1,55.0,29.1,2,0
0,33,1,0,1,0,1,115.24,41.4,0,0
0,46,1,1,1,3,0,74.68,35.2,3,0
0,82,0,0,1,0,1,81.44,26.9,0,1
0,37,0,0,1,1,0,93.24,43.4,3,0
1,82,0,0,1,0,1,55.0,32.5,3,0
1,48,0,0,1,4,0,98.46,42.4,1,0
0,76,0,1,1,3,1,55.0,37.6,2,1
0,41,0,0,1,2,0,143.67,51.1,0,0
0,28,0,0,1,0,1,55.0,40.3,1,1
1,60,0,0,1,1,1,55.0,25.3,0,1
0,17,0,0,0,1,1,55.0,35.1,1,0
1,14,0,0,0,0,0,120.05,21.8,0,0
0,63,0,0,1,2,1,105.73,36.0,0,0
1,36,0,0,1,0,0,182.8,42.1,1,1
0,19,0,0,0,0,0,125.45,22.3,3,0
1,35,0,0,1,0,0,55.0,34.6,2,0
0,60,0,0,1,2,0,68.13,33.8,3,0
0,28,0,0,1,0,0,114.68,34.0,3,0
1,10,0,0,0,1,1,120.92,19.6,0,0
0,45,0,0,1,0,1,55.0,25.1,3,0
0,56,0,0,1,1,0,146.59,31.3,2,0
1,65,0,0,1,0,1,67.02,26.0,1,0
0,69,0,0,1,0,0,67.93,21.3,0,0
1,45,0,1,1,1,1,154.31,36.3,2,0
0,82,1,0,1,0,0,106.48,23.8,0,0
0,45,0,0,1,0,0,121.29,28.6,3,1
0,43,0,0,1,3,0,129.78,46.3,3,0
1,42,1,0,1,0,0,55.0,36.8,1,1
0,51,1,0,1,0,0,117.23,29.2,1,1
0,59,0,0,1,1,0,192.62,31.9,1,0
0,77,0,0,1,0,1,96.59,31.1,0,0
0,37,0,0,1,1,1,122.89,17.5,0,0
1,31,0,0,1,0,1,220.36,31.5,3,0
0,51,0,0,1,1,0,175.49,37.7,0,0
1,39,0,0,1,0,0,86.25,28.2,2,0
0,24,1,0,0,2,0,128.09,34.6,2,0
0,73,1,1,1,0,0,139.92,32.9,3,0
0,73,0,0,1,2,0,203.1,33.9,0,0
1,17,0,0,0,0,1,64.92,20.6,3,0
0,45,1,0,1,0,1,244.07,32.0,1,0
1,60,1,0,1,2,0,119.02,42.2,3,1
0,82,1,1,1,2,0,91.92,28.6,1,1
1,47,0,0,1,3,0,133.97,26.8,0,0
1,66,1,0,1,0,0,89.67,35.2,0,0
0,40,0,0,1,0,1,90.93,36.1,3,0
0,58,0,0,1,0,0,80.4,38.3,0,0
1,67,0,1,1,3,1,81.45,27.9,2,1
0,55,0,0,1,0,0,55.0,33.0,1,0
0,49,0,0,1,3,0,55.0,43.9,1,0
0,68,0,0,1,1,0,69.86,22.5,1,1
0,77,0,0,1,3,0,118.08,18.0,1,0
0,51,1,0,1,0,1,73.4,34.9,0,1
0,70,1,0,1,0,1,201.22,32.2,3,1
0,36,1,0,1,0,0,134.72,25.6,1,0
0,40,0,1,1,0,1,75.82,23.8,0,0
0,81,1,0,1,3,0,187.28,28.2,0,1
0,10,0,0,0,1,1,96.29,36.7,2,0
0,43,0,0,1,0,1,95.93,36.2,3,0
1,53,0,0,1,0,0,134.9,30.6,0,0
1,24,1,0,0,1,1,102.68,25.1,2,0
1,71,0,0,1,2,1,110.41,10.3,1,0
0,47,0,0,1,0,1,136.25,32.3,3,1
0,63,1,0,1,0,1,55.0,34.0,3,1
1,80,0,0,1,1,0,101.19,27.7,2,1
1,74,0,0,1,0,1,63.74,47.0,2,0
0,41,0,0,1,4,1,121.72,23.0,3,0
1,24,0,0,0,0,0,55.0,40.3,1,0
0,40,0,0,1,0,1,176.87,34.7,0,0
1,51,0,0,1,2,1,79.37,27.4,3,0
1,11,0,0,0,0,1,90.99,16.3,2,0
0,81,0,0,1,0,1,100.83,39.7,0,1
0,51,1,0,1,3,0,62.53,29.2,0,0
0,43,0,0,1,1,1,116.46,42.9,0,0
0,10,0,0,0,0,1,155.92,29.3,3,0
0,48,0,0,1,0,0,91.15,40.1,1,0
1,50,0,0,1,0,0,86.9,17.7,0,0
1,30,0,0,1,1,1,134.97,18.3,3,0
1,54,0,0,1,0,0,132.22,25.7,2,0
1,45,0,0,1,0,1,111.6,11.9,3,0
0,14,0,0,0,2,1,160.77,31.3,3,0
1,62,0,0,1,0,0,124.59,22.9,0,0
1,82,0,0,1,1,0,185.83,34.7,2,1
1,82,0,0,1,0,1,92.37,13.7,3,0
0,58,0,0,1,0,0,55.0,37.8,1,1
1,54,0,0,1,3,1,168.6,29.5,1,0
1,16,0,0,0,2,0,55.0,35.9,3,0
0,53,0,0,1,0,1,68.0,27.5,0,0
0,42,0,0,1,1,1,61.71,15.8,2,0
1,10,0,0,0,2,0,108.75,39.1,3,0
0,40,0,0,1,4,1,102.53,34.6,0,0
0,36,0,0,1,1,0,160.58,36.3,1,0
0,16,0,0,0,1,1,108.99,29.8,3,0
1,46,0,0,1,1,0,80.17,43.1,0,0
1,17,0,0,0,0,0,93.36,48.5,2,0
1,57,0,0,1,1,0,63.77,39.5,1,0
0,60,1,0,1,2,0,135.73,17.8,3,0
1,10,1,0,0,0,1,172.95,30.8,0,1
0,39,0,0,1,1,0,115.4,23.6,1,0
1,38,0,0,1,3,0,105.2,18.3,1,0
1,43,1,0,1,0,0,126.96,27.8,0,0
0,10,0,0,0,0,0,85.53,37.8,0,0
0,56,0,0,1,0,0,99.65,25.4,0,0
0,80,0,0,1,0,1,98.55,24.3,3,0
0,80,0,0,1,2,1,137.7,26.4,0,1
1,67,1,0,1,0,0,88.62,45.1,3,1
0,10,0,0,0,0,0,55.0,32.9,0,0
0,35,0,0,1,0,0,55.0,23.3,2,0
1,59,0,0,1,3,0,209.83,42.4,3,0
0,58,0,0,1,1,0,98.64,29.8,0,0
1,72,0,0,1,3,0,128.53,22.3,2,0
1,42,0,0,1,2,1,102.27,25.0,0,0
0,22,0,0,0,0,1,102.65,22.4,3,0
1,59,0,0,1,1,0,55.73,27.8,1,0
1,38,0,0,1,1,0,182.67,28.3,0,0
1,77,1,0,1,2,0,72.36,30.4,2,0
0,62,0,0,1,0,0,71.29,24.6,3,0
0,40,0,0,1,0,0,123.22,33.6,3,0
0,52,0,0,1,1,1,158.43,41.3,0,0
0,71,0,0,1,2,0,93.68,24.2,1,0
1,59,0,0,1,0,0,55.0,38.9,3,0
0,51,0,0,1,0,1,55.0,30.4,3,0
0,53,0,0,1,2,1,175.56,27.6,0,0
0,42,0,0,1,1,1,109.3,34.6,0,0
0,57,0,0,1,0,0,165.79,32.7,3,0
0,48,0,0,1,0,1,116.58,33.8,0,0
0,26,0,0,1,3,1,67.66,23.4,1,0
1,57,0,0,1,2,0,123.54,21.0,3,1
0,60,0,0,1,0,1,118.06,12.4,3,0
0,69,0,1,1,0,1,128.47,32.0,1,1
0,15,0,0,0,0,1,109.72,21.7,1,0
0,54,0,1,1,2,0,84.42,24.3,2,1
1,40,1,0,1,1,0,157.57,28.0,0,0
1,60,0,1,1,3,0,103.15,19.2,0,0
0,22,0,0,0,0,1,116.61,40.1,1,1
1,75,0,0,1,0,1,61.94,26.7,0,0
1,25,0,0,1,1,1,57.35,33.1,0,0
0,37,0,0,1,0,0,69.72,35.7,0,0
0,82,0,1,1,1,0,57.2,14.8,1,0
0,50,0,0,1,2,0,55.0,26.0,3,0
1,71,1,0,1,0,1,77.83,35.4,3,0
0,53,0,0,1,3,1,174.55,21.1,2,0
0,75,0,0,1,2,0,87.03,31.3,3,0
0,65,0,0,1,0,1,55.0,21.9,3,0
1,31,1,0,1,0,1,137.93,32.0,3,0
0,11,0,0,0,2,1,100.7,24.6,2,0
1,21,0,1,0,0,0,89.14,29.5,3,0
0,37,1,0,1,0,1,55.0,38.9,0,1
1,60,0,0,1,1,1,106.32,34.4,2,0
0,69,0,0,1,0,0,107.55,23.2,1,0
1,47,0,0,1,4,0,119.76,33.0,2,0
1,51,1,0,1,0,1,109.33,31.9,3,1
0,10,0,0,0,0,0,99.6,38.0,0,0
0,42,1,0,1,0,0,106.08,29.6,3,0
1,46,1,0,1,1,0,101.05,29.3,0,0
0,57,0,0,1,0,0,55.0,35.1,0,1
1,41,0,0,1,3,0,194.14,35.2,1,0
0,37,0,0,1,0,0,133.06,55.1,0,0
0,82,1,0,1,3,1,112.5,40.9,3,0
0,19,0,0,0,0,1,95.6,29.0,0,0
0,77,0,0,1,0,1,98.38,28.2,0,1
0,61,0,1,1,1,1,119.11,23.0,0,0
1,45,0,0,1,1,1,169.14,17.2,0,0
1,82,1,1,1,0,1,75.04,29.8,0,1
1,47,0,0,1,2,1,118.23,12.2,2,0
0,30,0,1,1,0,1,55.0,44.2,0,0
1,52,0,0,1,0,1,142.57,22.5,3,1
0,66,1,0,1,2,1,121.42,38.9,3,1
0,60,0,0,1,3,0,101.37,27.9,1,1
0,37,0,0,1,1,0,55.0,33.3,3,0
1,62,0,0,1,0,0,80.22,19.0,3,0
1,12,0,0,0,2,0,63.73,33.4,0,0
1,77,1,0,1,2,1,64.86,29.9,3,0
1,65,0,0,1,0,1,55.0,44.1,3,0
0,10,0,1,0,0,0,89.54,19.0,3,0
0,33,0,0,1,0,0,187.96,18.6,2,0
0,74,0,0,1,0,0,137.91,20.9,2,0
0,43,0,0,1,2,1,108.38,13.0,3,0
0,47,0,0,1,0,1,130.75,22.3,1,1
1,78,0,0,1,0,0,204.65,21.4,0,1
0,36,0,1,1,0,1,60.96,28.6,0,0
0,10,0,0,0,0,1,70.87,29.2,1,0
0,77,0,1,1,4,0,84.08,17.3,0,0
0,39,0,0,1,0,0,55.0,38.3,0,1
1,47,0,0,1,0,0,120.47,33.4,0,0
1,44,1,0,1,3,0,92.19,36.1,0,0
0,38,0,0,1,2,1,134.09,38.2,2,0
0,30,0,0,1,1,0,143.46,21.3,2,0
1,44,0,0,1,0,1,165.38,24.4,0,0
1,28,1,0,1,0,0,138.54,31.9,0,0
0,77,0,1,1,2,0,89.05,39.0,0,1
1,74,0,0,1,1,0,83.06,31.4,1,1
1,60,0,0,1,0,1,61.46,28.9,0,1
0,59,0,0,1,0,1,108.09,23.7,3,0
1,12,0,0,0,3,1,122.12,18.7,3,0
0,72,0,0,1,3,0,55.0,38.0,0,1
0,39,0,0,1,2,1,158.07,26.1,0,0
0,76,0,0,1,1,0,107.18,29.4,3,0
0,82,0,1,1,0,0,88.99,42.2,1,0
1,43,0,0,1,3,0,60.31,26.2,0,0
0,10,0,0,0,1,0,169.24,29.6,0,0
0,53,0,0,1,0,0,128.89,25.4,2,0
0,24,0,0,0,0,0,144.82,18.9,0,0
1,35,0,0,1,3,0,101.12,31.6,0,0
0,44,1,0,1,3,1,178.75,13.7,1,1
0,68,1,0,1,1,1,143.06,40.3,2,0
0,57,0,0,1,0,0,165.53,13.0,0,0
1,80,0,0,1,1,1,158.37,26.9,2,0
0,31,0,0,1,2,0,77.97,24.9,0,0
0,72,0,0,1,0,0,115.28,37.8,0,0
0,64,0,0,1,2,1,166.04,23.5,0,0
0,62,0,0,1,0,0,128.0,16.6,2,1
0,71,0,0,1,0,0,61.55,18.8,2,0
1,65,0,0,1,0,1,110.0,12.5,3,0
1,14,0,0,0,1,0,142.74,35.9,0,0
1,36,0,0,1,0,1,55.0,43.4,3,0
0,68,0,0,1,1,0,62.39,38.5,1,0
0,58,0,0,1,0,1,55.0,29.4,0,0
0,70,0,0,1,2,0,127.38,31.7,0,1
0,52,1,1,1,2,1,176.17,26.4,0,1
1,37,0,0,1,0,0,55.0,24.7,0,0
1,31,0,0,1,0,0,115.37,32.9,3,0
1,13,0,0,0,2,0,77.37,18.7,0,0
0,59,1,0,1,0,0,182.87,33.3,0,1
1,18,0,0,0,3,0,115.8,28.7,2,0
1,48,0,0,1,0,0,144.48,34.2,1,1
1,46,0,0,1,2,0,168.66,33.1,1,1
0,71,0,0,1,0,1,113.92,19.5,0,0
0,82,0,0,1,2,1,55.0,35.0,0,0
0,40,0,0,1,1,0,100.65,41.0,3,0
1,59,0,0,1,0,1,115.47,35.1,1,0
0,48,0,0,1,3,0,55.0,21.9,0,0
0,29,0,0,1,3,1,55.0,35.9,0,0
1,73,1,0,1,3,0,55.0,32.5,0,0
0,56,1,0,1,1,0,165.89,14.4,1,0
0,60,0,0,1,0,1,55.0,27.2,3,0
0,67,0,1,1,0,1,232.29,35.4,1,1
0,67,0,0,1,0,1,170.43,28.4,2,0
0,45,0,0,1,1,0,147.21,33.1,2,0
0,70,0,1,1,0,0,55.0,24.5,3,1
0,45,0,0,1,0,0,169.28,31.3,2,0
0,23,0,0,0,0,1,83.34,38.6,2,0
0,58,0,1,1,0,0,55.0,32.8,1,0
0,76,0,0,1,0,1,117.56,30.9,1,1
1,34,0,0,1,1,1,126.39,29.7,0,0
1,15,0,0,0,1,0,70.08,28.3,1,0
1,51,1,0,1,0,1,78.95,23.2,1,1
1,26,0,0,1,0,0,97.98,26.4,0,0
1,36,1,0,1,0,0,96.8,30.3,0,0
1,50,0,0,1,0,1,139.68,13.4,1,0
1,10,0,0,0,1,0,93.63,38.8,3,0
0,38,0,1,1,1,0,180.04,24.8,0,0
1,40,0,0,1,0,1,120.21,19.6,3,0
0,82,1,0,1,1,1,55.0,44.5,3,0
0,45,0,0,1,3,0,157.95,30.4,0,0
1,82,1,0,1,1,0,68.16,37.3,0,1
1,74,0,0,1,0,0,157.37,23.6,0,1
0,57,0,0,1,0,1,121.37,37.6,3,1
0,56,0,0,1,0,1,69.22,34.5,3,0
0,55,0,0,1,0,1,87.2,26.3,1,0
1,51,0,0,1,0,0,126.53,15.5,0,0
1,17,0,0,0,1,0,118.22,37.0,3,0
0,55,0,0,1,0,0,148.95,27.3,0,0
1,50,1,0,1,2,0,125.47,38.0,3,1
0,52,0,0,1,0,0,105.99,26.1,1,0
0,82,0,0,1,0,0,110.65,28.2,3,1
1,44,0,1,1,0,1,97.51,31.6,1,1
0,26,0,0,1,0,1,129.74,44.2,0,0
0,36,1,0,1,0,0,124.88,22.5,0,0
0,66,1,0,1,0,1,117.55,25.5,3,0
1,54,0,0,1,0,1,209.6,24.5,1,0
0,49,0,0,1,0,1,123.1,23.9,0,0
0,19,0,0,0,2,0,161.37,28.3,3,0
0,73,0,0,1,2,1,76.71,37.5,3,0
0,35,0,0,1,1,1,106.47,25.9,0,0
1,56,0,0,1,2,1,55.0,43.5,2,0
1,46,0,0,1,3,0,110.02,39.1,0,0
0,15,0,0,0,0,1,78.42,28.0,3,0
1,56,0,0,1,0,0,74.19,23.1,0,0
1,23,0,0,0,0,0,115.66,34.6,1,0
0,55,0,0,1,0,0,87.88,40.4,1,0
1,37,0,0,1,1,0,55.0,36.9,2,0
0,44,0,0,1,1,0,96.82,23.5,0,0
0,63,0,0,1,0,1,265.6,27.6,1,0
1,22,0,0,0,2,1,124.98,17.5,2,0
0,82,1,1,1,2,0,118.55,18.5,3,1
1,30,0,1,1,0,1,55.1,36.3,1,0
1,63,0,0,1,1,0,55.0,33.4,0,0
0,67,0,0,1,3,0,63.89,41.7,0,0
0,80,1,0,1,0,0,118.61,19.6,3,1
0,34,0,0,1,0,1,55.0,39.4,3,0
1,32,0,0,1,2,0,170.32,39.0,0,0
0,71,0,0,1,0,0,55.0,45.0,3,1
1,59,0,0,1,3,0,142.34,35.6,0,0
0,60,0,0,1,1,1,118.04,10.3,3,0
1,77,0,0,1,0,0,173.69,33.1,0,0
1,50,0,0,1,0,0,56.75,14.3,1,0
0,52,0,0,1,0,0,244.05,11.8,2,0
1,76,0,0,1,1,1,114.55,31.0,3,1
0,52,0,0,1,1,0,159.88,35.0,3,1
0,27,0,0,1,0,1,123.66,15.5,0,0
0,29,0,0,1,3,1,58.21,11.8,3,0
0,42,0,0,1,2,0,71.42,25.4,2,0
0,55,0,0,1,0,1,107.13,32.9,2,0
1,68,0,1,1,3,1,71.25,28.7,3,1
1,82,1,0,1,2,0,112.7,26.1,0,0
0,43,1,0,1,3,1,145.7,19.4,1,0
1,19,0,0,0,0,1,163.67,26.1,3,0
0,15,0,0,0,0,0,181.15,36.6,0,0
0,43,0,0,1,0,1,103.96,30.2,3,1
1,48,0,0,1,0,0,86.95,31.4,3,0
0,61,0,0,1,3,1,55.0,42.7,0,0
1,82,0,1,1,0,0,55.0,44.3,3,1
0,61,0,0,1,0,1,101.63,43.5,0,0
1,50,1,0,1,0,0,162.36,49.6,2,0
1,69,0,0,1,0,1,111.44,22.1,1,0
0,15,0,0,0,0,0,124.79,19.5,0,0
0,53,0,1,1,0,0,60.04,33.1,3,0
0,14,0,0,0,0,0,85.89,26.8,2,0
0,78,0,0,1,0,1,158.63,29.1,1,0
0,20,0,0,0,3,0,125.92,12.8,3,0
0,69,0,0,1,2,1,85.09,31.4,0,0
1,65,0,1,1,0,0,136.12,25.6,2,0
0,79,1,0,1,0,0,111.49,25.8,3,1
0,29,0,0,1,0,1,154.82,27.7,0,0
0,47,0,0,1,3,1,127.91,16.4,3,0
0,69,0,0,1,2,1,91.25,24.0,1,0
1,55,0,1,1,0,1,95.98,40.3,0,1
1,58,0,0,1,3,0,55.0,31.4,0,0
0,63,0,0,1,2,0,55.0,40.1,3,0
1,41,0,0,1,0,0,86.06,19.6,0,0
1,28,0,0,1,0,1,166.9,30.8,3,0
1,31,1,0,1,1,0,125.25,20.4,0,0
0,46,0,0,1,0,0,92.87,45.4,2,0
1,32,0,0,1,0,1,135.72,20.1,0,0
1,42,0,0,1,1,1,156.21,36.7,3,0
0,48,0,0,1,2,0,78.57,25.6,3,0
0,80,1,0,1,3,0,78.79,37.9,3,1
0,25,0,0,1,0,0,249.62,18.4,2,1
0,32,0,0,1,1,1,65.85,24.8,0,0
1,47,0,0,1,3,0,81.15,33.8,3,0
1,26,0,0,1,2,1,89.91,28.2,0,0
0,10,0,0,0,1,1,61.06,30.2,3,0
0,35,0,0,1,0,1,55.0,25.6,3,0
1,43,0,0,1,2,0,110.08,27.3,0,0
0,52,0,0,1,1,0,77.73,26.9,0,0
0,28,0,0,1,0,1,125.97,22.9,3,0
1,82,1,0,1,3,0,68.41,44.6,3,1
1,64,0,0,1,4,1,162.62,41.6,2,0
1,25,1,0,1,0,1,103.62,40.1,3,1
1,35,0,0,1,2,1,68.17,34.4,3,0
1,34,0,0,1,1,0,75.27,36.7,2,0
1,25,1,0,1,0,0,94.65,23.5,2,1
1,72,0,0,1,0,0,167.61,20.4,2,1
1,26,1,1,1,3,1,79.76,38.9,0,0
1,50,0,0,1,0,1,55.0,32.7,1,0
0,37,0,0,1,0,0,184.35,39.0,2,0
1,44,0,1,1,0,0,55.0,32.4,2,0
0,70,1,1,1,0,1,211.86,23.3,0,1
0,55,0,0,1,0,0,55.0,19.9,3,0
0,56,1,0,1,3,1,88.32,33.5,3,0
0,55,0,0,1,0,1,86.31,35.6,0,0
0,58,0,0,1,1,0,145.45,33.6,0,0
1,26,1,0,1,0,0,137.45,21.4,3,1
0,34,1,0,1,1,0,193.66,31.0,1,0
1,56,1,1,1,2,0,55.0,31.4,2,0
1,33,0,0,1,3,0,55.0,24.0,0,0
1,41,0,0,1,0,1,153.24,39.7,0,0
0,54,0,0,1,3,0,208.29,28.1,3,1
1,71,0,0,1,0,1,160.93,41.1,1,0
0,66,0,0,1,3,1,139.15,32.3,3,0
0,82,0,1,1,3,0,159.43,28.1,0,0
0,51,0,1,1,0,0,55.0,30.3,2,0
1,50,0,0,1,1,1,95.52,13.0,0,1
1,34,0,0,1,3,1,107.49,29.2,3,0
1,60,0,0,1,0,0,101.35,11.1,3,0
0,74,0,0,1,0,1,129.83,25.2,2,0
0,36,0,0,1,0,1,104.86,32.4,0,0
1,57,1,0,1,0,1,85.98,26.2,1,0
0,71,0,0,1,2,1,55.0,41.1,1,0
0,30,1,0,1,0,1,99.51,29.4,3,1
0,60,0,0,1,3,1,55.0,34.5,1,0
0,61,1,0,1,0,0,101.76,28.4,0,0
0,10,0,0,0,1,1,120.63,32.3,2,0
0,37,0,0,1,2,1,76.27,27.0,2,0
1,25,0,0,1,0,0,139.61,34.3,3,0
1,37,1,0,1,0,0,152.33,38.5,3,0
1,39,0,0,1,0,1,83.43,30.4,3,0
1,47,0,0,1,0,0,88.82,40.2,2,0
1,67,1,0,1,1,1,139.02,27.3,1,1
1,74,0,0,1,0,0,60.59,39.5,3,0
0,52,0,0,1,3,1,56.15,35.5,0,0
0,75,0,0,1,3,1,90.14,27.6,3,0
1,65,0,0,1,0,0,105.2,34.9,1,0
1,46,1,0,1,0,0,81.28,34.7,0,0
0,79,0,0,1,0,0,131.75,36.3,3,0
0,49,0,0,1,2,1,55.0,12.9,2,0
1,53,1,0,1,1,0,126.25,20.6,0,0
1,28,0,0,1,0,0,81.73,27.0,1,0
0,56,0,0,1,0,1,177.5,31.1,1,0
1,57,0,0,1,0,0,147.05,33.8,2,0
1,66,0,1,1,0,1,111.68,25.8,2,0
0,43,0,0,1,0,0,104.14,35.3,0,0
0,33,1,0,1,2,0,82.82,12.4,0,0
1,57,0,0,1,0,0,55.0,18.2,3,0
1,64,0,1,1,0,1,110.98,24.9,3,1
0,41,0,0,1,3,0,157.13,45.2,3,1
0,30,0,0,1,3,0,63.54,36.0,1,0
0,39,0,0,1,1,0,68.94,25.8,1,0
0,81,0,0,1,2,0,110.68,42.0,3,1
0,28,0,0,1,0,0,55.0,21.3,2,0
1,27,0,0,1,3,0,73.11,23.2,0,0
0,82,0,0,1,3,0,86.15,31.0,2,0
1,45,0,0,1,2,0,111.59,29.8,1,0
0,22,0,0,0,0,1,198.78,32.1,3,1
1,18,0,0,0,0,1,103.85,26.1,3,0
1,60,0,0,1,0,0,123.18,34.2,3,0
0,55,0,0,1,1,1,102.61,29.8,0,0
0,60,1,0,1,0,0,119.48,38.4,1,0
0,30,1,0,1,1,0,112.8,35.2,3,0
1,23,0,0,0,0,0,149.51,23.7,1,0
0,59,0,1,1,2,1,181.89,19.6,2,0
0,26,0,0,1,2,1,99.29,37.2,3,0
1,45,0,0,1,0,1,89.6,20.2,1,0
1,29,0,0,1,2,1,212.75,37.1,1,0
0,82,1,1,1,0,1,182.65,26.8,0,1
1,67,0,0,1,0,0,121.82,33.7,3,0
0,82,0,0,1,0,0,162.68,24.0,3,1
0,61,0,0,1,1,0,179.38,32.5,3,1
0,55,0,0,1,0,0,96.24,37.8,1,0
0,62,0,0,1,0,0,150.06,25.4,2,0
1,15,0,0,0,0,1,114.14,21.9,0,0
0,11,0,0,0,3,1,115.45,22.6,0,0
0,63,0,0,1,0,1,142.72,10.5,1,0
